method,model_name,task_name,train_subset_size,num_train_epochs,seed,accuracy,learning_rate,batch_size,max_length,lora_r,lora_alpha,warmup_ratio,bf16,elapsed_seconds,total_parameters,trainable_parameters,trainable_percentage
bitfit,bert-base-uncased,mrpc,80,1,11,0.6838235294117647,0.0002,16,128,,,0.1,True,0.2,109483778,104450,0.0954
bitfit,bert-base-uncased,mrpc,80,1,17,0.6838235294117647,0.0002,16,128,,,0.1,True,0.2,109483778,104450,0.0954
bitfit,bert-base-uncased,mrpc,80,1,23,0.6838235294117647,0.0002,16,128,,,0.1,True,0.2,109483778,104450,0.0954
bitfit,bert-base-uncased,mrpc,320,1,11,0.6838235294117647,0.0002,16,128,,,0.1,True,0.4,109483778,104450,0.0954
bitfit,bert-base-uncased,mrpc,320,1,17,0.6838235294117647,0.0002,16,128,,,0.1,True,0.4,109483778,104450,0.0954
bitfit,bert-base-uncased,mrpc,320,1,23,0.6838235294117647,0.0002,16,128,,,0.1,True,0.5,109483778,104450,0.0954
bitfit,bert-base-uncased,mrpc,1280,1,11,0.6838235294117647,0.0002,16,128,,,0.1,True,1.2,109483778,104450,0.0954
bitfit,bert-base-uncased,mrpc,1280,1,17,0.6838235294117647,0.0002,16,128,,,0.1,True,1.3,109483778,104450,0.0954
bitfit,bert-base-uncased,mrpc,1280,1,23,0.6838235294117647,0.0002,16,128,,,0.1,True,1.3,109483778,104450,0.0954
bitfit,bert-base-uncased,mrpc,80,2,11,0.6838235294117647,0.0002,16,128,,,0.1,True,0.2,109483778,104450,0.0954
bitfit,bert-base-uncased,mrpc,80,2,17,0.6838235294117647,0.0002,16,128,,,0.1,True,0.2,109483778,104450,0.0954
bitfit,bert-base-uncased,mrpc,80,2,23,0.6838235294117647,0.0002,16,128,,,0.1,True,0.2,109483778,104450,0.0954
bitfit,bert-base-uncased,mrpc,320,2,11,0.6838235294117647,0.0002,16,128,,,0.1,True,0.7,109483778,104450,0.0954
bitfit,bert-base-uncased,mrpc,320,2,17,0.6838235294117647,0.0002,16,128,,,0.1,True,0.7,109483778,104450,0.0954
bitfit,bert-base-uncased,mrpc,320,2,23,0.6838235294117647,0.0002,16,128,,,0.1,True,0.7,109483778,104450,0.0954
bitfit,bert-base-uncased,mrpc,1280,2,11,0.6838235294117647,0.0002,16,128,,,0.1,True,2.7,109483778,104450,0.0954
bitfit,bert-base-uncased,mrpc,1280,2,17,0.6838235294117647,0.0002,16,128,,,0.1,True,2.3,109483778,104450,0.0954
bitfit,bert-base-uncased,mrpc,1280,2,23,0.6838235294117647,0.0002,16,128,,,0.1,True,2.3,109483778,104450,0.0954
bitfit,bert-base-uncased,mrpc,80,5,11,0.6838235294117647,0.0002,16,128,,,0.1,True,0.5,109483778,104450,0.0954
bitfit,bert-base-uncased,mrpc,80,5,17,0.6838235294117647,0.0002,16,128,,,0.1,True,0.4,109483778,104450,0.0954
bitfit,bert-base-uncased,mrpc,80,5,23,0.6838235294117647,0.0002,16,128,,,0.1,True,0.4,109483778,104450,0.0954
bitfit,bert-base-uncased,mrpc,320,5,11,0.6838235294117647,0.0002,16,128,,,0.1,True,1.6,109483778,104450,0.0954
bitfit,bert-base-uncased,mrpc,320,5,17,0.6838235294117647,0.0002,16,128,,,0.1,True,2.0,109483778,104450,0.0954
bitfit,bert-base-uncased,mrpc,320,5,23,0.6838235294117647,0.0002,16,128,,,0.1,True,1.9,109483778,104450,0.0954
bitfit,bert-base-uncased,mrpc,1280,5,11,0.7034313725490197,0.0002,16,128,,,0.1,True,7.2,109483778,104450,0.0954
bitfit,bert-base-uncased,mrpc,1280,5,17,0.7034313725490197,0.0002,16,128,,,0.1,True,6.3,109483778,104450,0.0954
bitfit,bert-base-uncased,mrpc,1280,5,23,0.7058823529411765,0.0002,16,128,,,0.1,True,5.6,109483778,104450,0.0954
bitfit,bert-base-uncased,mrpc,80,10,11,0.6838235294117647,0.0002,16,128,,,0.1,True,0.8,109483778,104450,0.0954
bitfit,bert-base-uncased,mrpc,80,10,17,0.6838235294117647,0.0002,16,128,,,0.1,True,0.8,109483778,104450,0.0954
bitfit,bert-base-uncased,mrpc,80,10,23,0.6838235294117647,0.0002,16,128,,,0.1,True,0.8,109483778,104450,0.0954
bitfit,bert-base-uncased,mrpc,320,10,11,0.6838235294117647,0.0002,16,128,,,0.1,True,2.9,109483778,104450,0.0954
bitfit,bert-base-uncased,mrpc,320,10,17,0.6838235294117647,0.0002,16,128,,,0.1,True,2.9,109483778,104450,0.0954
bitfit,bert-base-uncased,mrpc,320,10,23,0.6838235294117647,0.0002,16,128,,,0.1,True,3.0,109483778,104450,0.0954
bitfit,bert-base-uncased,mrpc,1280,10,11,0.7279411764705882,0.0002,16,128,,,0.1,True,15.0,109483778,104450,0.0954
bitfit,bert-base-uncased,mrpc,1280,10,17,0.7426470588235294,0.0002,16,128,,,0.1,True,12.0,109483778,104450,0.0954
bitfit,bert-base-uncased,mrpc,1280,10,23,0.7573529411764706,0.0002,16,128,,,0.1,True,12.2,109483778,104450,0.0954
full_ft,bert-base-uncased,mrpc,80,1,11,0.3161764705882353,2e-05,16,128,,,0.1,True,0.2,109483778,109483778,100.0
full_ft,bert-base-uncased,mrpc,80,1,17,0.3161764705882353,2e-05,16,128,,,0.1,True,0.2,109483778,109483778,100.0
full_ft,bert-base-uncased,mrpc,80,1,23,0.3161764705882353,2e-05,16,128,,,0.1,True,0.2,109483778,109483778,100.0
full_ft,bert-base-uncased,mrpc,320,1,11,0.3137254901960784,2e-05,16,128,,,0.1,True,0.5,109483778,109483778,100.0
full_ft,bert-base-uncased,mrpc,320,1,17,0.40931372549019607,2e-05,16,128,,,0.1,True,0.6,109483778,109483778,100.0
full_ft,bert-base-uncased,mrpc,320,1,23,0.3700980392156863,2e-05,16,128,,,0.1,True,0.6,109483778,109483778,100.0
full_ft,bert-base-uncased,mrpc,1280,1,11,0.6813725490196079,2e-05,16,128,,,0.1,True,1.8,109483778,109483778,100.0
full_ft,bert-base-uncased,mrpc,1280,1,17,0.6838235294117647,2e-05,16,128,,,0.1,True,1.9,109483778,109483778,100.0
full_ft,bert-base-uncased,mrpc,1280,1,23,0.6838235294117647,2e-05,16,128,,,0.1,True,1.8,109483778,109483778,100.0
full_ft,bert-base-uncased,mrpc,80,2,11,0.3161764705882353,2e-05,16,128,,,0.1,True,0.3,109483778,109483778,100.0
full_ft,bert-base-uncased,mrpc,80,2,17,0.3161764705882353,2e-05,16,128,,,0.1,True,0.3,109483778,109483778,100.0
full_ft,bert-base-uncased,mrpc,80,2,23,0.3161764705882353,2e-05,16,128,,,0.1,True,0.3,109483778,109483778,100.0
full_ft,bert-base-uncased,mrpc,320,2,11,0.6838235294117647,2e-05,16,128,,,0.1,True,1.1,109483778,109483778,100.0
full_ft,bert-base-uncased,mrpc,320,2,17,0.6813725490196079,2e-05,16,128,,,0.1,True,1.0,109483778,109483778,100.0
full_ft,bert-base-uncased,mrpc,320,2,23,0.6813725490196079,2e-05,16,128,,,0.1,True,0.9,109483778,109483778,100.0
full_ft,bert-base-uncased,mrpc,1280,2,11,0.6838235294117647,2e-05,16,128,,,0.1,True,3.6,109483778,109483778,100.0
full_ft,bert-base-uncased,mrpc,1280,2,17,0.6838235294117647,2e-05,16,128,,,0.1,True,3.5,109483778,109483778,100.0
full_ft,bert-base-uncased,mrpc,1280,2,23,0.6838235294117647,2e-05,16,128,,,0.1,True,3.3,109483778,109483778,100.0
full_ft,bert-base-uncased,mrpc,80,5,11,0.31862745098039214,2e-05,16,128,,,0.1,True,0.6,109483778,109483778,100.0
full_ft,bert-base-uncased,mrpc,80,5,17,0.3161764705882353,2e-05,16,128,,,0.1,True,0.6,109483778,109483778,100.0
full_ft,bert-base-uncased,mrpc,80,5,23,0.6593137254901961,2e-05,16,128,,,0.1,True,0.6,109483778,109483778,100.0
full_ft,bert-base-uncased,mrpc,320,5,11,0.6838235294117647,2e-05,16,128,,,0.1,True,2.6,109483778,109483778,100.0
full_ft,bert-base-uncased,mrpc,320,5,17,0.6838235294117647,2e-05,16,128,,,0.1,True,2.5,109483778,109483778,100.0
full_ft,bert-base-uncased,mrpc,320,5,23,0.6838235294117647,2e-05,16,128,,,0.1,True,2.4,109483778,109483778,100.0
full_ft,bert-base-uncased,mrpc,1280,5,11,0.6862745098039216,2e-05,16,128,,,0.1,True,8.0,109483778,109483778,100.0
full_ft,bert-base-uncased,mrpc,1280,5,17,0.6862745098039216,2e-05,16,128,,,0.1,True,8.6,109483778,109483778,100.0
full_ft,bert-base-uncased,mrpc,1280,5,23,0.6985294117647058,2e-05,16,128,,,0.1,True,8.0,109483778,109483778,100.0
full_ft,bert-base-uncased,mrpc,80,10,11,0.6838235294117647,2e-05,16,128,,,0.1,True,1.1,109483778,109483778,100.0
full_ft,bert-base-uncased,mrpc,80,10,17,0.6838235294117647,2e-05,16,128,,,0.1,True,1.1,109483778,109483778,100.0
full_ft,bert-base-uncased,mrpc,80,10,23,0.6813725490196079,2e-05,16,128,,,0.1,True,1.1,109483778,109483778,100.0
full_ft,bert-base-uncased,mrpc,320,10,11,0.6838235294117647,2e-05,16,128,,,0.1,True,4.5,109483778,109483778,100.0
full_ft,bert-base-uncased,mrpc,320,10,17,0.6838235294117647,2e-05,16,128,,,0.1,True,4.1,109483778,109483778,100.0
full_ft,bert-base-uncased,mrpc,320,10,23,0.6838235294117647,2e-05,16,128,,,0.1,True,4.3,109483778,109483778,100.0
full_ft,bert-base-uncased,mrpc,1280,10,11,0.7303921568627451,2e-05,16,128,,,0.1,True,15.9,109483778,109483778,100.0
full_ft,bert-base-uncased,mrpc,1280,10,17,0.7401960784313726,2e-05,16,128,,,0.1,True,18.9,109483778,109483778,100.0
full_ft,bert-base-uncased,mrpc,1280,10,23,0.75,2e-05,16,128,,,0.1,True,16.7,109483778,109483778,100.0
ia3,bert-base-uncased,mrpc,80,1,11,0.6838235294117647,0.0002,16,128,,,0.1,True,0.2,109512964,29186,0.0267
ia3,bert-base-uncased,mrpc,80,1,17,0.6838235294117647,0.0002,16,128,,,0.1,True,0.2,109512964,29186,0.0267
ia3,bert-base-uncased,mrpc,80,1,23,0.6838235294117647,0.0002,16,128,,,0.1,True,0.2,109512964,29186,0.0267
ia3,bert-base-uncased,mrpc,320,1,11,0.6838235294117647,0.0002,16,128,,,0.1,True,0.6,109512964,29186,0.0267
ia3,bert-base-uncased,mrpc,320,1,17,0.6838235294117647,0.0002,16,128,,,0.1,True,0.6,109512964,29186,0.0267
ia3,bert-base-uncased,mrpc,320,1,23,0.6838235294117647,0.0002,16,128,,,0.1,True,0.6,109512964,29186,0.0267
ia3,bert-base-uncased,mrpc,1280,1,11,0.6838235294117647,0.0002,16,128,,,0.1,True,1.7,109512964,29186,0.0267
ia3,bert-base-uncased,mrpc,1280,1,17,0.6838235294117647,0.0002,16,128,,,0.1,True,1.6,109512964,29186,0.0267
ia3,bert-base-uncased,mrpc,1280,1,23,0.6838235294117647,0.0002,16,128,,,0.1,True,1.6,109512964,29186,0.0267
ia3,bert-base-uncased,mrpc,80,2,11,0.6838235294117647,0.0002,16,128,,,0.1,True,0.3,109512964,29186,0.0267
ia3,bert-base-uncased,mrpc,80,2,17,0.6838235294117647,0.0002,16,128,,,0.1,True,0.3,109512964,29186,0.0267
ia3,bert-base-uncased,mrpc,80,2,23,0.6838235294117647,0.0002,16,128,,,0.1,True,0.3,109512964,29186,0.0267
ia3,bert-base-uncased,mrpc,320,2,11,0.6838235294117647,0.0002,16,128,,,0.1,True,1.0,109512964,29186,0.0267
ia3,bert-base-uncased,mrpc,320,2,17,0.6838235294117647,0.0002,16,128,,,0.1,True,0.9,109512964,29186,0.0267
ia3,bert-base-uncased,mrpc,320,2,23,0.6838235294117647,0.0002,16,128,,,0.1,True,1.1,109512964,29186,0.0267
ia3,bert-base-uncased,mrpc,1280,2,11,0.6838235294117647,0.0002,16,128,,,0.1,True,3.2,109512964,29186,0.0267
ia3,bert-base-uncased,mrpc,1280,2,17,0.6838235294117647,0.0002,16,128,,,0.1,True,3.0,109512964,29186,0.0267
ia3,bert-base-uncased,mrpc,1280,2,23,0.6838235294117647,0.0002,16,128,,,0.1,True,3.0,109512964,29186,0.0267
ia3,bert-base-uncased,mrpc,80,5,11,0.6838235294117647,0.0002,16,128,,,0.1,True,0.6,109512964,29186,0.0267
ia3,bert-base-uncased,mrpc,80,5,17,0.6838235294117647,0.0002,16,128,,,0.1,True,0.6,109512964,29186,0.0267
ia3,bert-base-uncased,mrpc,80,5,23,0.6838235294117647,0.0002,16,128,,,0.1,True,0.6,109512964,29186,0.0267
ia3,bert-base-uncased,mrpc,320,5,11,0.6838235294117647,0.0002,16,128,,,0.1,True,2.4,109512964,29186,0.0267
ia3,bert-base-uncased,mrpc,320,5,17,0.6838235294117647,0.0002,16,128,,,0.1,True,2.1,109512964,29186,0.0267
ia3,bert-base-uncased,mrpc,320,5,23,0.6838235294117647,0.0002,16,128,,,0.1,True,2.0,109512964,29186,0.0267
ia3,bert-base-uncased,mrpc,1280,5,11,0.6838235294117647,0.0002,16,128,,,0.1,True,8.4,109512964,29186,0.0267
ia3,bert-base-uncased,mrpc,1280,5,17,0.6838235294117647,0.0002,16,128,,,0.1,True,8.3,109512964,29186,0.0267
ia3,bert-base-uncased,mrpc,1280,5,23,0.6838235294117647,0.0002,16,128,,,0.1,True,7.4,109512964,29186,0.0267
ia3,bert-base-uncased,mrpc,80,10,11,0.6838235294117647,0.0002,16,128,,,0.1,True,1.0,109512964,29186,0.0267
ia3,bert-base-uncased,mrpc,80,10,17,0.6838235294117647,0.0002,16,128,,,0.1,True,1.0,109512964,29186,0.0267
ia3,bert-base-uncased,mrpc,80,10,23,0.6838235294117647,0.0002,16,128,,,0.1,True,1.0,109512964,29186,0.0267
ia3,bert-base-uncased,mrpc,320,10,11,0.6838235294117647,0.0002,16,128,,,0.1,True,3.8,109512964,29186,0.0267
ia3,bert-base-uncased,mrpc,320,10,17,0.6838235294117647,0.0002,16,128,,,0.1,True,3.7,109512964,29186,0.0267
ia3,bert-base-uncased,mrpc,320,10,23,0.6838235294117647,0.0002,16,128,,,0.1,True,4.1,109512964,29186,0.0267
ia3,bert-base-uncased,mrpc,1280,10,11,0.6838235294117647,0.0002,16,128,,,0.1,True,18.2,109512964,29186,0.0267
ia3,bert-base-uncased,mrpc,1280,10,17,0.6838235294117647,0.0002,16,128,,,0.1,True,15.0,109512964,29186,0.0267
ia3,bert-base-uncased,mrpc,1280,10,23,0.6838235294117647,0.0002,16,128,,,0.1,True,14.3,109512964,29186,0.0267
lora,bert-base-uncased,mrpc,80,1,11,0.6838235294117647,0.0002,16,128,8,16,0.1,True,0.2,109780228,296450,0.27
lora,bert-base-uncased,mrpc,80,1,17,0.6838235294117647,0.0002,16,128,8,16,0.1,True,0.2,109780228,296450,0.27
lora,bert-base-uncased,mrpc,80,1,23,0.6838235294117647,0.0002,16,128,8,16,0.1,True,0.2,109780228,296450,0.27
lora,bert-base-uncased,mrpc,320,1,11,0.6838235294117647,0.0002,16,128,8,16,0.1,True,0.6,109780228,296450,0.27
lora,bert-base-uncased,mrpc,320,1,17,0.6838235294117647,0.0002,16,128,8,16,0.1,True,0.7,109780228,296450,0.27
lora,bert-base-uncased,mrpc,320,1,23,0.6838235294117647,0.0002,16,128,8,16,0.1,True,0.6,109780228,296450,0.27
lora,bert-base-uncased,mrpc,1280,1,11,0.6838235294117647,0.0002,16,128,8,16,0.1,True,1.9,109780228,296450,0.27
lora,bert-base-uncased,mrpc,1280,1,17,0.6838235294117647,0.0002,16,128,8,16,0.1,True,1.8,109780228,296450,0.27
lora,bert-base-uncased,mrpc,1280,1,23,0.6838235294117647,0.0002,16,128,8,16,0.1,True,1.8,109780228,296450,0.27
lora,bert-base-uncased,mrpc,80,2,11,0.6838235294117647,0.0002,16,128,8,16,0.1,True,0.3,109780228,296450,0.27
lora,bert-base-uncased,mrpc,80,2,17,0.6838235294117647,0.0002,16,128,8,16,0.1,True,0.3,109780228,296450,0.27
lora,bert-base-uncased,mrpc,80,2,23,0.6838235294117647,0.0002,16,128,8,16,0.1,True,0.4,109780228,296450,0.27
lora,bert-base-uncased,mrpc,320,2,11,0.6838235294117647,0.0002,16,128,8,16,0.1,True,1.2,109780228,296450,0.27
lora,bert-base-uncased,mrpc,320,2,17,0.6838235294117647,0.0002,16,128,8,16,0.1,True,1.1,109780228,296450,0.27
lora,bert-base-uncased,mrpc,320,2,23,0.6838235294117647,0.0002,16,128,8,16,0.1,True,1.0,109780228,296450,0.27
lora,bert-base-uncased,mrpc,1280,2,11,0.6936274509803921,0.0002,16,128,8,16,0.1,True,3.5,109780228,296450,0.27
lora,bert-base-uncased,mrpc,1280,2,17,0.6887254901960784,0.0002,16,128,8,16,0.1,True,3.4,109780228,296450,0.27
lora,bert-base-uncased,mrpc,1280,2,23,0.7009803921568627,0.0002,16,128,8,16,0.1,True,3.4,109780228,296450,0.27
lora,bert-base-uncased,mrpc,80,5,11,0.6838235294117647,0.0002,16,128,8,16,0.1,True,0.7,109780228,296450,0.27
lora,bert-base-uncased,mrpc,80,5,17,0.6838235294117647,0.0002,16,128,8,16,0.1,True,0.6,109780228,296450,0.27
lora,bert-base-uncased,mrpc,80,5,23,0.6838235294117647,0.0002,16,128,8,16,0.1,True,0.6,109780228,296450,0.27
lora,bert-base-uncased,mrpc,320,5,11,0.6838235294117647,0.0002,16,128,8,16,0.1,True,2.4,109780228,296450,0.27
lora,bert-base-uncased,mrpc,320,5,17,0.6838235294117647,0.0002,16,128,8,16,0.1,True,2.6,109780228,296450,0.27
lora,bert-base-uncased,mrpc,320,5,23,0.6838235294117647,0.0002,16,128,8,16,0.1,True,2.4,109780228,296450,0.27
lora,bert-base-uncased,mrpc,1280,5,11,0.7818627450980392,0.0002,16,128,8,16,0.1,True,9.9,109780228,296450,0.27
lora,bert-base-uncased,mrpc,1280,5,17,0.7524509803921569,0.0002,16,128,8,16,0.1,True,9.1,109780228,296450,0.27
lora,bert-base-uncased,mrpc,1280,5,23,0.7769607843137255,0.0002,16,128,8,16,0.1,True,8.3,109780228,296450,0.27
lora,bert-base-uncased,mrpc,80,10,11,0.6838235294117647,0.0002,16,128,8,16,0.1,True,1.2,109780228,296450,0.27
lora,bert-base-uncased,mrpc,80,10,17,0.6838235294117647,0.0002,16,128,8,16,0.1,True,1.2,109780228,296450,0.27
lora,bert-base-uncased,mrpc,80,10,23,0.6838235294117647,0.0002,16,128,8,16,0.1,True,1.1,109780228,296450,0.27
lora,bert-base-uncased,mrpc,320,10,11,0.7181372549019608,0.0002,16,128,8,16,0.1,True,4.2,109780228,296450,0.27
lora,bert-base-uncased,mrpc,320,10,17,0.7450980392156863,0.0002,16,128,8,16,0.1,True,4.2,109780228,296450,0.27
lora,bert-base-uncased,mrpc,320,10,23,0.7156862745098039,0.0002,16,128,8,16,0.1,True,4.1,109780228,296450,0.27
lora,bert-base-uncased,mrpc,1280,10,11,0.7818627450980392,0.0002,16,128,8,16,0.1,True,17.2,109780228,296450,0.27
lora,bert-base-uncased,mrpc,1280,10,17,0.8088235294117647,0.0002,16,128,8,16,0.1,True,16.7,109780228,296450,0.27
lora,bert-base-uncased,mrpc,1280,10,23,0.8186274509803921,0.0002,16,128,8,16,0.1,True,16.4,109780228,296450,0.27
bitfit,bert-base-uncased,qnli,80,1,11,0.4171700530843859,0.0002,16,128,,,0.1,True,1.3,109483778,104450,0.0954
bitfit,bert-base-uncased,qnli,80,1,17,0.5304777594728172,0.0002,16,128,,,0.1,True,1.2,109483778,104450,0.0954
bitfit,bert-base-uncased,qnli,80,1,23,0.5293794618341571,0.0002,16,128,,,0.1,True,1.1,109483778,104450,0.0954
bitfit,bert-base-uncased,qnli,320,1,11,0.5284642138019403,0.0002,16,128,,,0.1,True,1.3,109483778,104450,0.0954
bitfit,bert-base-uncased,qnli,320,1,17,0.5365183964854475,0.0002,16,128,,,0.1,True,1.4,109483778,104450,0.0954
bitfit,bert-base-uncased,qnli,320,1,23,0.5405454878272011,0.0002,16,128,,,0.1,True,1.5,109483778,104450,0.0954
bitfit,bert-base-uncased,qnli,1280,1,11,0.6428702178290316,0.0002,16,128,,,0.1,True,2.2,109483778,104450,0.0954
bitfit,bert-base-uncased,qnli,1280,1,17,0.6278601501006773,0.0002,16,128,,,0.1,True,2.5,109483778,104450,0.0954
bitfit,bert-base-uncased,qnli,1280,1,23,0.6457990115321252,0.0002,16,128,,,0.1,True,2.2,109483778,104450,0.0954
bitfit,bert-base-uncased,qnli,80,2,11,0.533040453963024,0.0002,16,128,,,0.1,True,1.4,109483778,104450,0.0954
bitfit,bert-base-uncased,qnli,80,2,17,0.3919092073952041,0.0002,16,128,,,0.1,True,1.3,109483778,104450,0.0954
bitfit,bert-base-uncased,qnli,80,2,23,0.45872231374702543,0.0002,16,128,,,0.1,True,1.2,109483778,104450,0.0954
bitfit,bert-base-uncased,qnli,320,2,11,0.5453047775947282,0.0002,16,128,,,0.1,True,1.9,109483778,104450,0.0954
bitfit,bert-base-uncased,qnli,320,2,17,0.5566538531942157,0.0002,16,128,,,0.1,True,1.8,109483778,104450,0.0954
bitfit,bert-base-uncased,qnli,320,2,23,0.5449386783818415,0.0002,16,128,,,0.1,True,1.6,109483778,104450,0.0954
bitfit,bert-base-uncased,qnli,1280,2,11,0.6635548233571298,0.0002,16,128,,,0.1,True,3.5,109483778,104450,0.0954
bitfit,bert-base-uncased,qnli,1280,2,17,0.662090426505583,0.0002,16,128,,,0.1,True,3.7,109483778,104450,0.0954
bitfit,bert-base-uncased,qnli,1280,2,23,0.6697785099762036,0.0002,16,128,,,0.1,True,3.5,109483778,104450,0.0954
bitfit,bert-base-uncased,qnli,80,5,11,0.594911220940875,0.0002,16,128,,,0.1,True,1.5,109483778,104450,0.0954
bitfit,bert-base-uncased,qnli,80,5,17,0.5449386783818415,0.0002,16,128,,,0.1,True,1.4,109483778,104450,0.0954
bitfit,bert-base-uncased,qnli,80,5,23,0.4891085484166209,0.0002,16,128,,,0.1,True,1.5,109483778,104450,0.0954
bitfit,bert-base-uncased,qnli,320,5,11,0.6545853926414058,0.0002,16,128,,,0.1,True,3.2,109483778,104450,0.0954
bitfit,bert-base-uncased,qnli,320,5,17,0.6254805052169138,0.0002,16,128,,,0.1,True,2.8,109483778,104450,0.0954
bitfit,bert-base-uncased,qnli,320,5,23,0.6414058209774849,0.0002,16,128,,,0.1,True,2.5,109483778,104450,0.0954
bitfit,bert-base-uncased,qnli,1280,5,11,0.7095002745744097,0.0002,16,128,,,0.1,True,6.7,109483778,104450,0.0954
bitfit,bert-base-uncased,qnli,1280,5,17,0.700164744645799,0.0002,16,128,,,0.1,True,7.1,109483778,104450,0.0954
bitfit,bert-base-uncased,qnli,1280,5,23,0.6997986454329124,0.0002,16,128,,,0.1,True,7.2,109483778,104450,0.0954
bitfit,bert-base-uncased,qnli,80,10,11,0.5837451949478308,0.0002,16,128,,,0.1,True,1.8,109483778,104450,0.0954
bitfit,bert-base-uncased,qnli,80,10,17,0.6522057477576423,0.0002,16,128,,,0.1,True,1.8,109483778,104450,0.0954
bitfit,bert-base-uncased,qnli,80,10,23,0.5707486728903532,0.0002,16,128,,,0.1,True,1.8,109483778,104450,0.0954
bitfit,bert-base-uncased,qnli,320,10,11,0.689547867472085,0.0002,16,128,,,0.1,True,4.2,109483778,104450,0.0954
bitfit,bert-base-uncased,qnli,320,10,17,0.6732564524986271,0.0002,16,128,,,0.1,True,4.8,109483778,104450,0.0954
bitfit,bert-base-uncased,qnli,320,10,23,0.6686802123375435,0.0002,16,128,,,0.1,True,3.9,109483778,104450,0.0954
bitfit,bert-base-uncased,qnli,1280,10,11,0.7362255171151382,0.0002,16,128,,,0.1,True,13.7,109483778,104450,0.0954
bitfit,bert-base-uncased,qnli,1280,10,17,0.7252425407285374,0.0002,16,128,,,0.1,True,15.4,109483778,104450,0.0954
bitfit,bert-base-uncased,qnli,1280,10,23,0.727622185612301,0.0002,16,128,,,0.1,True,12.8,109483778,104450,0.0954
full_ft,bert-base-uncased,qnli,80,1,11,0.5273659161632802,2e-05,16,128,,,0.1,True,1.4,109483778,109483778,100.0
full_ft,bert-base-uncased,qnli,80,1,17,0.5310269082921472,2e-05,16,128,,,0.1,True,1.2,109483778,109483778,100.0
full_ft,bert-base-uncased,qnli,80,1,23,0.5297455610470437,2e-05,16,128,,,0.1,True,1.2,109483778,109483778,100.0
full_ft,bert-base-uncased,qnli,320,1,11,0.528281164195497,2e-05,16,128,,,0.1,True,1.6,109483778,109483778,100.0
full_ft,bert-base-uncased,qnli,320,1,17,0.5286472634083836,2e-05,16,128,,,0.1,True,1.5,109483778,109483778,100.0
full_ft,bert-base-uncased,qnli,320,1,23,0.5293794618341571,2e-05,16,128,,,0.1,True,1.6,109483778,109483778,100.0
full_ft,bert-base-uncased,qnli,1280,1,11,0.5614131429617426,2e-05,16,128,,,0.1,True,2.7,109483778,109483778,100.0
full_ft,bert-base-uncased,qnli,1280,1,17,0.594911220940875,2e-05,16,128,,,0.1,True,2.9,109483778,109483778,100.0
full_ft,bert-base-uncased,qnli,1280,1,23,0.5652571846970529,2e-05,16,128,,,0.1,True,2.6,109483778,109483778,100.0
full_ft,bert-base-uncased,qnli,80,2,11,0.5301116602599304,2e-05,16,128,,,0.1,True,1.3,109483778,109483778,100.0
full_ft,bert-base-uncased,qnli,80,2,17,0.5293794618341571,2e-05,16,128,,,0.1,True,1.4,109483778,109483778,100.0
full_ft,bert-base-uncased,qnli,80,2,23,0.528830313014827,2e-05,16,128,,,0.1,True,1.2,109483778,109483778,100.0
full_ft,bert-base-uncased,qnli,320,2,11,0.5332235035694673,2e-05,16,128,,,0.1,True,1.9,109483778,109483778,100.0
full_ft,bert-base-uncased,qnli,320,2,17,0.543108182317408,2e-05,16,128,,,0.1,True,2.1,109483778,109483778,100.0
full_ft,bert-base-uncased,qnli,320,2,23,0.538898041369211,2e-05,16,128,,,0.1,True,1.8,109483778,109483778,100.0
full_ft,bert-base-uncased,qnli,1280,2,11,0.6595277320153762,2e-05,16,128,,,0.1,True,4.3,109483778,109483778,100.0
full_ft,bert-base-uncased,qnli,1280,2,17,0.6760021965952773,2e-05,16,128,,,0.1,True,4.2,109483778,109483778,100.0
full_ft,bert-base-uncased,qnli,1280,2,23,0.6278601501006773,2e-05,16,128,,,0.1,True,5.2,109483778,109483778,100.0
full_ft,bert-base-uncased,qnli,80,5,11,0.5350539996339008,2e-05,16,128,,,0.1,True,1.6,109483778,109483778,100.0
full_ft,bert-base-uncased,qnli,80,5,17,0.5350539996339008,2e-05,16,128,,,0.1,True,1.6,109483778,109483778,100.0
full_ft,bert-base-uncased,qnli,80,5,23,0.5290133626212704,2e-05,16,128,,,0.1,True,1.7,109483778,109483778,100.0
full_ft,bert-base-uncased,qnli,320,5,11,0.562694490206846,2e-05,16,128,,,0.1,True,3.1,109483778,109483778,100.0
full_ft,bert-base-uncased,qnli,320,5,17,0.565806333516383,2e-05,16,128,,,0.1,True,3.5,109483778,109483778,100.0
full_ft,bert-base-uncased,qnli,320,5,23,0.5784367563609738,2e-05,16,128,,,0.1,True,3.0,109483778,109483778,100.0
full_ft,bert-base-uncased,qnli,1280,5,11,0.6994325462200256,2e-05,16,128,,,0.1,True,9.0,109483778,109483778,100.0
full_ft,bert-base-uncased,qnli,1280,5,17,0.6972359509427055,2e-05,16,128,,,0.1,True,10.6,109483778,109483778,100.0
full_ft,bert-base-uncased,qnli,1280,5,23,0.6961376533040454,2e-05,16,128,,,0.1,True,9.3,109483778,109483778,100.0
full_ft,bert-base-uncased,qnli,80,10,11,0.543108182317408,2e-05,16,128,,,0.1,True,2.2,109483778,109483778,100.0
full_ft,bert-base-uncased,qnli,80,10,17,0.5475013728720484,2e-05,16,128,,,0.1,True,2.0,109483778,109483778,100.0
full_ft,bert-base-uncased,qnli,80,10,23,0.5418268350723046,2e-05,16,128,,,0.1,True,2.4,109483778,109483778,100.0
full_ft,bert-base-uncased,qnli,320,10,11,0.6825919824272377,2e-05,16,128,,,0.1,True,5.2,109483778,109483778,100.0
full_ft,bert-base-uncased,qnli,320,10,17,0.6745377997437305,2e-05,16,128,,,0.1,True,5.0,109483778,109483778,100.0
full_ft,bert-base-uncased,qnli,320,10,23,0.6613582280798096,2e-05,16,128,,,0.1,True,5.2,109483778,109483778,100.0
full_ft,bert-base-uncased,qnli,1280,10,11,0.7300018304960645,2e-05,16,128,,,0.1,True,16.9,109483778,109483778,100.0
full_ft,bert-base-uncased,qnli,1280,10,17,0.7215815485996705,2e-05,16,128,,,0.1,True,16.9,109483778,109483778,100.0
full_ft,bert-base-uncased,qnli,1280,10,23,0.7309170785282811,2e-05,16,128,,,0.1,True,17.3,109483778,109483778,100.0
ia3,bert-base-uncased,qnli,80,1,11,0.5297455610470437,0.0002,16,128,,,0.1,True,1.6,109512964,29186,0.0267
ia3,bert-base-uncased,qnli,80,1,17,0.5299286106534871,0.0002,16,128,,,0.1,True,1.5,109512964,29186,0.0267
ia3,bert-base-uncased,qnli,80,1,23,0.414607358594179,0.0002,16,128,,,0.1,True,1.5,109512964,29186,0.0267
ia3,bert-base-uncased,qnli,320,1,11,0.4495698334248581,0.0002,16,128,,,0.1,True,1.8,109512964,29186,0.0267
ia3,bert-base-uncased,qnli,320,1,17,0.5301116602599304,0.0002,16,128,,,0.1,True,1.8,109512964,29186,0.0267
ia3,bert-base-uncased,qnli,320,1,23,0.4276038806516566,0.0002,16,128,,,0.1,True,1.8,109512964,29186,0.0267
ia3,bert-base-uncased,qnli,1280,1,11,0.6199890170236134,0.0002,16,128,,,0.1,True,3.5,109512964,29186,0.0267
ia3,bert-base-uncased,qnli,1280,1,17,0.5709317224967966,0.0002,16,128,,,0.1,True,3.4,109512964,29186,0.0267
ia3,bert-base-uncased,qnli,1280,1,23,0.5639758374519495,0.0002,16,128,,,0.1,True,2.9,109512964,29186,0.0267
ia3,bert-base-uncased,qnli,80,2,11,0.5299286106534871,0.0002,16,128,,,0.1,True,1.9,109512964,29186,0.0267
ia3,bert-base-uncased,qnli,80,2,17,0.5313930075050338,0.0002,16,128,,,0.1,True,1.6,109512964,29186,0.0267
ia3,bert-base-uncased,qnli,80,2,23,0.42375983891634633,0.0002,16,128,,,0.1,True,1.6,109512964,29186,0.0267
ia3,bert-base-uncased,qnli,320,2,11,0.534138751601684,0.0002,16,128,,,0.1,True,2.5,109512964,29186,0.0267
ia3,bert-base-uncased,qnli,320,2,17,0.5420098846787479,0.0002,16,128,,,0.1,True,2.3,109512964,29186,0.0267
ia3,bert-base-uncased,qnli,320,2,23,0.5359692476661175,0.0002,16,128,,,0.1,True,2.1,109512964,29186,0.0267
ia3,bert-base-uncased,qnli,1280,2,11,0.6320702910488742,0.0002,16,128,,,0.1,True,4.5,109512964,29186,0.0267
ia3,bert-base-uncased,qnli,1280,2,17,0.6322533406553176,0.0002,16,128,,,0.1,True,5.1,109512964,29186,0.0267
ia3,bert-base-uncased,qnli,1280,2,23,0.6209042650558302,0.0002,16,128,,,0.1,True,4.3,109512964,29186,0.0267
ia3,bert-base-uncased,qnli,80,5,11,0.5357861980596742,0.0002,16,128,,,0.1,True,1.8,109512964,29186,0.0267
ia3,bert-base-uncased,qnli,80,5,17,0.534138751601684,0.0002,16,128,,,0.1,True,1.8,109512964,29186,0.0267
ia3,bert-base-uncased,qnli,80,5,23,0.5332235035694673,0.0002,16,128,,,0.1,True,2.0,109512964,29186,0.0267
ia3,bert-base-uncased,qnli,320,5,11,0.6046128500823723,0.0002,16,128,,,0.1,True,4.3,109512964,29186,0.0267
ia3,bert-base-uncased,qnli,320,5,17,0.5934468240893283,0.0002,16,128,,,0.1,True,3.2,109512964,29186,0.0267
ia3,bert-base-uncased,qnli,320,5,23,0.6421380194032583,0.0002,16,128,,,0.1,True,3.5,109512964,29186,0.0267
ia3,bert-base-uncased,qnli,1280,5,11,0.656781987918726,0.0002,16,128,,,0.1,True,9.9,109512964,29186,0.0267
ia3,bert-base-uncased,qnli,1280,5,17,0.6611751784733663,0.0002,16,128,,,0.1,True,8.6,109512964,29186,0.0267
ia3,bert-base-uncased,qnli,1280,5,23,0.6558667398865092,0.0002,16,128,,,0.1,True,9.0,109512964,29186,0.0267
ia3,bert-base-uncased,qnli,80,10,11,0.5504301665751419,0.0002,16,128,,,0.1,True,2.3,109512964,29186,0.0267
ia3,bert-base-uncased,qnli,80,10,17,0.5467691744462749,0.0002,16,128,,,0.1,True,2.3,109512964,29186,0.0267
ia3,bert-base-uncased,qnli,80,10,23,0.5685520776130332,0.0002,16,128,,,0.1,True,2.7,109512964,29186,0.0267
ia3,bert-base-uncased,qnli,320,10,11,0.6340838367197511,0.0002,16,128,,,0.1,True,5.0,109512964,29186,0.0267
ia3,bert-base-uncased,qnli,320,10,17,0.6468973091707853,0.0002,16,128,,,0.1,True,5.1,109512964,29186,0.0267
ia3,bert-base-uncased,qnli,320,10,23,0.6313380926231008,0.0002,16,128,,,0.1,True,5.0,109512964,29186,0.0267
ia3,bert-base-uncased,qnli,1280,10,11,0.6743547501372872,0.0002,16,128,,,0.1,True,16.6,109512964,29186,0.0267
ia3,bert-base-uncased,qnli,1280,10,17,0.6750869485630606,0.0002,16,128,,,0.1,True,18.3,109512964,29186,0.0267
ia3,bert-base-uncased,qnli,1280,10,23,0.6803953871499177,0.0002,16,128,,,0.1,True,16.5,109512964,29186,0.0267
lora,bert-base-uncased,qnli,80,1,11,0.41625480505216916,0.0002,16,128,8,16,0.1,True,2.1,109780228,296450,0.27
lora,bert-base-uncased,qnli,80,1,17,0.4171700530843859,0.0002,16,128,8,16,0.1,True,1.9,109780228,296450,0.27
lora,bert-base-uncased,qnli,80,1,23,0.5286472634083836,0.0002,16,128,8,16,0.1,True,1.7,109780228,296450,0.27
lora,bert-base-uncased,qnli,320,1,11,0.5416437854658612,0.0002,16,128,8,16,0.1,True,2.2,109780228,296450,0.27
lora,bert-base-uncased,qnli,320,1,17,0.5356031484532309,0.0002,16,128,8,16,0.1,True,1.9,109780228,296450,0.27
lora,bert-base-uncased,qnli,320,1,23,0.5315760571114773,0.0002,16,128,8,16,0.1,True,2.2,109780228,296450,0.27
lora,bert-base-uncased,qnli,1280,1,11,0.6706937580084202,0.0002,16,128,8,16,0.1,True,3.2,109780228,296450,0.27
lora,bert-base-uncased,qnli,1280,1,17,0.6556836902800659,0.0002,16,128,8,16,0.1,True,3.4,109780228,296450,0.27
lora,bert-base-uncased,qnli,1280,1,23,0.600768808347062,0.0002,16,128,8,16,0.1,True,3.2,109780228,296450,0.27
lora,bert-base-uncased,qnli,80,2,11,0.5302947098663738,0.0002,16,128,8,16,0.1,True,2.1,109780228,296450,0.27
lora,bert-base-uncased,qnli,80,2,17,0.5299286106534871,0.0002,16,128,8,16,0.1,True,2.2,109780228,296450,0.27
lora,bert-base-uncased,qnli,80,2,23,0.5363353468790042,0.0002,16,128,8,16,0.1,True,1.8,109780228,296450,0.27
lora,bert-base-uncased,qnli,320,2,11,0.5773384587223137,0.0002,16,128,8,16,0.1,True,2.3,109780228,296450,0.27
lora,bert-base-uncased,qnli,320,2,17,0.547867472084935,0.0002,16,128,8,16,0.1,True,2.5,109780228,296450,0.27
lora,bert-base-uncased,qnli,320,2,23,0.5636097382390628,0.0002,16,128,8,16,0.1,True,2.3,109780228,296450,0.27
lora,bert-base-uncased,qnli,1280,2,11,0.7140765147354933,0.0002,16,128,8,16,0.1,True,4.9,109780228,296450,0.27
lora,bert-base-uncased,qnli,1280,2,17,0.7164561596192568,0.0002,16,128,8,16,0.1,True,4.8,109780228,296450,0.27
lora,bert-base-uncased,qnli,1280,2,23,0.7036426871682225,0.0002,16,128,8,16,0.1,True,5.2,109780228,296450,0.27
lora,bert-base-uncased,qnli,80,5,11,0.5405454878272011,0.0002,16,128,8,16,0.1,True,2.1,109780228,296450,0.27
lora,bert-base-uncased,qnli,80,5,17,0.5495149185429251,0.0002,16,128,8,16,0.1,True,2.0,109780228,296450,0.27
lora,bert-base-uncased,qnli,80,5,23,0.5475013728720484,0.0002,16,128,8,16,0.1,True,2.2,109780228,296450,0.27
lora,bert-base-uncased,qnli,320,5,11,0.6836902800658978,0.0002,16,128,8,16,0.1,True,3.6,109780228,296450,0.27
lora,bert-base-uncased,qnli,320,5,17,0.6792970895112576,0.0002,16,128,8,16,0.1,True,3.9,109780228,296450,0.27
lora,bert-base-uncased,qnli,320,5,23,0.6600768808347062,0.0002,16,128,8,16,0.1,True,3.6,109780228,296450,0.27
lora,bert-base-uncased,qnli,1280,5,11,0.7977301848801025,0.0002,16,128,8,16,0.1,True,9.6,109780228,296450,0.27
lora,bert-base-uncased,qnli,1280,5,17,0.7966318872414424,0.0002,16,128,8,16,0.1,True,10.9,109780228,296450,0.27
lora,bert-base-uncased,qnli,1280,5,23,0.7938861431447922,0.0002,16,128,8,16,0.1,True,9.7,109780228,296450,0.27
lora,bert-base-uncased,qnli,80,10,11,0.5632436390261761,0.0002,16,128,8,16,0.1,True,2.7,109780228,296450,0.27
lora,bert-base-uncased,qnli,80,10,17,0.6036976020501555,0.0002,16,128,8,16,0.1,True,2.6,109780228,296450,0.27
lora,bert-base-uncased,qnli,80,10,23,0.6238330587589237,0.0002,16,128,8,16,0.1,True,3.0,109780228,296450,0.27
lora,bert-base-uncased,qnli,320,10,11,0.7210323997803405,0.0002,16,128,8,16,0.1,True,5.7,109780228,296450,0.27
lora,bert-base-uncased,qnli,320,10,17,0.7175544572579169,0.0002,16,128,8,16,0.1,True,7.0,109780228,296450,0.27
lora,bert-base-uncased,qnli,320,10,23,0.7278052352187443,0.0002,16,128,8,16,0.1,True,5.8,109780228,296450,0.27
lora,bert-base-uncased,qnli,1280,10,11,0.8129233022149003,0.0002,16,128,8,16,0.1,True,19.8,109780228,296450,0.27
lora,bert-base-uncased,qnli,1280,10,17,0.8110928061504667,0.0002,16,128,8,16,0.1,True,17.7,109780228,296450,0.27
lora,bert-base-uncased,qnli,1280,10,23,0.8094453596924767,0.0002,16,128,8,16,0.1,True,17.9,109780228,296450,0.27
bitfit,bert-base-uncased,rte,80,1,11,0.5270758122743683,0.0002,16,128,,,0.1,True,0.1,109483778,104450,0.0954
bitfit,bert-base-uncased,rte,80,1,17,0.4729241877256318,0.0002,16,128,,,0.1,True,0.1,109483778,104450,0.0954
bitfit,bert-base-uncased,rte,80,1,23,0.4729241877256318,0.0002,16,128,,,0.1,True,0.2,109483778,104450,0.0954
bitfit,bert-base-uncased,rte,320,1,11,0.5306859205776173,0.0002,16,128,,,0.1,True,0.4,109483778,104450,0.0954
bitfit,bert-base-uncased,rte,320,1,17,0.4729241877256318,0.0002,16,128,,,0.1,True,0.4,109483778,104450,0.0954
bitfit,bert-base-uncased,rte,320,1,23,0.5306859205776173,0.0002,16,128,,,0.1,True,0.4,109483778,104450,0.0954
bitfit,bert-base-uncased,rte,1280,1,11,0.5595667870036101,0.0002,16,128,,,0.1,True,1.4,109483778,104450,0.0954
bitfit,bert-base-uncased,rte,1280,1,17,0.5523465703971119,0.0002,16,128,,,0.1,True,1.3,109483778,104450,0.0954
bitfit,bert-base-uncased,rte,1280,1,23,0.5523465703971119,0.0002,16,128,,,0.1,True,1.5,109483778,104450,0.0954
bitfit,bert-base-uncased,rte,80,2,11,0.4657039711191336,0.0002,16,128,,,0.1,True,0.2,109483778,104450,0.0954
bitfit,bert-base-uncased,rte,80,2,17,0.5270758122743683,0.0002,16,128,,,0.1,True,0.2,109483778,104450,0.0954
bitfit,bert-base-uncased,rte,80,2,23,0.5270758122743683,0.0002,16,128,,,0.1,True,0.2,109483778,104450,0.0954
bitfit,bert-base-uncased,rte,320,2,11,0.5342960288808665,0.0002,16,128,,,0.1,True,0.7,109483778,104450,0.0954
bitfit,bert-base-uncased,rte,320,2,17,0.5487364620938628,0.0002,16,128,,,0.1,True,0.7,109483778,104450,0.0954
bitfit,bert-base-uncased,rte,320,2,23,0.5523465703971119,0.0002,16,128,,,0.1,True,0.6,109483778,104450,0.0954
bitfit,bert-base-uncased,rte,1280,2,11,0.5667870036101083,0.0002,16,128,,,0.1,True,3.0,109483778,104450,0.0954
bitfit,bert-base-uncased,rte,1280,2,17,0.5703971119133574,0.0002,16,128,,,0.1,True,2.3,109483778,104450,0.0954
bitfit,bert-base-uncased,rte,1280,2,23,0.5667870036101083,0.0002,16,128,,,0.1,True,2.4,109483778,104450,0.0954
bitfit,bert-base-uncased,rte,80,5,11,0.5270758122743683,0.0002,16,128,,,0.1,True,0.4,109483778,104450,0.0954
bitfit,bert-base-uncased,rte,80,5,17,0.5270758122743683,0.0002,16,128,,,0.1,True,0.4,109483778,104450,0.0954
bitfit,bert-base-uncased,rte,80,5,23,0.4657039711191336,0.0002,16,128,,,0.1,True,0.4,109483778,104450,0.0954
bitfit,bert-base-uncased,rte,320,5,11,0.5740072202166066,0.0002,16,128,,,0.1,True,1.5,109483778,104450,0.0954
bitfit,bert-base-uncased,rte,320,5,17,0.5667870036101083,0.0002,16,128,,,0.1,True,2.0,109483778,104450,0.0954
bitfit,bert-base-uncased,rte,320,5,23,0.5451263537906137,0.0002,16,128,,,0.1,True,2.1,109483778,104450,0.0954
bitfit,bert-base-uncased,rte,1280,5,11,0.5776173285198556,0.0002,16,128,,,0.1,True,5.7,109483778,104450,0.0954
bitfit,bert-base-uncased,rte,1280,5,17,0.5595667870036101,0.0002,16,128,,,0.1,True,6.0,109483778,104450,0.0954
bitfit,bert-base-uncased,rte,1280,5,23,0.5667870036101083,0.0002,16,128,,,0.1,True,6.3,109483778,104450,0.0954
bitfit,bert-base-uncased,rte,80,10,11,0.5379061371841155,0.0002,16,128,,,0.1,True,0.8,109483778,104450,0.0954
bitfit,bert-base-uncased,rte,80,10,17,0.4548736462093863,0.0002,16,128,,,0.1,True,0.8,109483778,104450,0.0954
bitfit,bert-base-uncased,rte,80,10,23,0.4729241877256318,0.0002,16,128,,,0.1,True,0.8,109483778,104450,0.0954
bitfit,bert-base-uncased,rte,320,10,11,0.5812274368231047,0.0002,16,128,,,0.1,True,4.1,109483778,104450,0.0954
bitfit,bert-base-uncased,rte,320,10,17,0.516245487364621,0.0002,16,128,,,0.1,True,4.0,109483778,104450,0.0954
bitfit,bert-base-uncased,rte,320,10,23,0.5848375451263538,0.0002,16,128,,,0.1,True,3.5,109483778,104450,0.0954
bitfit,bert-base-uncased,rte,1280,10,11,0.5812274368231047,0.0002,16,128,,,0.1,True,11.9,109483778,104450,0.0954
bitfit,bert-base-uncased,rte,1280,10,17,0.5667870036101083,0.0002,16,128,,,0.1,True,11.4,109483778,104450,0.0954
bitfit,bert-base-uncased,rte,1280,10,23,0.5848375451263538,0.0002,16,128,,,0.1,True,14.8,109483778,104450,0.0954
full_ft,bert-base-uncased,rte,80,1,11,0.5270758122743683,2e-05,16,128,,,0.1,True,0.2,109483778,109483778,100.0
full_ft,bert-base-uncased,rte,80,1,17,0.5270758122743683,2e-05,16,128,,,0.1,True,0.2,109483778,109483778,100.0
full_ft,bert-base-uncased,rte,80,1,23,0.5270758122743683,2e-05,16,128,,,0.1,True,0.2,109483778,109483778,100.0
full_ft,bert-base-uncased,rte,320,1,11,0.5270758122743683,2e-05,16,128,,,0.1,True,0.5,109483778,109483778,100.0
full_ft,bert-base-uncased,rte,320,1,17,0.5270758122743683,2e-05,16,128,,,0.1,True,0.6,109483778,109483778,100.0
full_ft,bert-base-uncased,rte,320,1,23,0.5270758122743683,2e-05,16,128,,,0.1,True,0.6,109483778,109483778,100.0
full_ft,bert-base-uncased,rte,1280,1,11,0.5306859205776173,2e-05,16,128,,,0.1,True,1.7,109483778,109483778,100.0
full_ft,bert-base-uncased,rte,1280,1,17,0.5306859205776173,2e-05,16,128,,,0.1,True,1.7,109483778,109483778,100.0
full_ft,bert-base-uncased,rte,1280,1,23,0.5342960288808665,2e-05,16,128,,,0.1,True,1.7,109483778,109483778,100.0
full_ft,bert-base-uncased,rte,80,2,11,0.5270758122743683,2e-05,16,128,,,0.1,True,0.3,109483778,109483778,100.0
full_ft,bert-base-uncased,rte,80,2,17,0.5270758122743683,2e-05,16,128,,,0.1,True,0.3,109483778,109483778,100.0
full_ft,bert-base-uncased,rte,80,2,23,0.5270758122743683,2e-05,16,128,,,0.1,True,0.3,109483778,109483778,100.0
full_ft,bert-base-uncased,rte,320,2,11,0.5270758122743683,2e-05,16,128,,,0.1,True,1.0,109483778,109483778,100.0
full_ft,bert-base-uncased,rte,320,2,17,0.5270758122743683,2e-05,16,128,,,0.1,True,1.1,109483778,109483778,100.0
full_ft,bert-base-uncased,rte,320,2,23,0.5270758122743683,2e-05,16,128,,,0.1,True,0.9,109483778,109483778,100.0
full_ft,bert-base-uncased,rte,1280,2,11,0.5379061371841155,2e-05,16,128,,,0.1,True,3.3,109483778,109483778,100.0
full_ft,bert-base-uncased,rte,1280,2,17,0.5379061371841155,2e-05,16,128,,,0.1,True,3.2,109483778,109483778,100.0
full_ft,bert-base-uncased,rte,1280,2,23,0.5379061371841155,2e-05,16,128,,,0.1,True,3.3,109483778,109483778,100.0
full_ft,bert-base-uncased,rte,80,5,11,0.5270758122743683,2e-05,16,128,,,0.1,True,0.6,109483778,109483778,100.0
full_ft,bert-base-uncased,rte,80,5,17,0.5270758122743683,2e-05,16,128,,,0.1,True,0.6,109483778,109483778,100.0
full_ft,bert-base-uncased,rte,80,5,23,0.5306859205776173,2e-05,16,128,,,0.1,True,0.6,109483778,109483778,100.0
full_ft,bert-base-uncased,rte,320,5,11,0.5306859205776173,2e-05,16,128,,,0.1,True,2.3,109483778,109483778,100.0
full_ft,bert-base-uncased,rte,320,5,17,0.5306859205776173,2e-05,16,128,,,0.1,True,2.4,109483778,109483778,100.0
full_ft,bert-base-uncased,rte,320,5,23,0.5342960288808665,2e-05,16,128,,,0.1,True,2.5,109483778,109483778,100.0
full_ft,bert-base-uncased,rte,1280,5,11,0.5884476534296029,2e-05,16,128,,,0.1,True,8.0,109483778,109483778,100.0
full_ft,bert-base-uncased,rte,1280,5,17,0.5631768953068592,2e-05,16,128,,,0.1,True,8.0,109483778,109483778,100.0
full_ft,bert-base-uncased,rte,1280,5,23,0.555956678700361,2e-05,16,128,,,0.1,True,9.3,109483778,109483778,100.0
full_ft,bert-base-uncased,rte,80,10,11,0.5270758122743683,2e-05,16,128,,,0.1,True,1.1,109483778,109483778,100.0
full_ft,bert-base-uncased,rte,80,10,17,0.5270758122743683,2e-05,16,128,,,0.1,True,1.1,109483778,109483778,100.0
full_ft,bert-base-uncased,rte,80,10,23,0.5306859205776173,2e-05,16,128,,,0.1,True,1.1,109483778,109483778,100.0
full_ft,bert-base-uncased,rte,320,10,11,0.5379061371841155,2e-05,16,128,,,0.1,True,4.4,109483778,109483778,100.0
full_ft,bert-base-uncased,rte,320,10,17,0.5306859205776173,2e-05,16,128,,,0.1,True,4.3,109483778,109483778,100.0
full_ft,bert-base-uncased,rte,320,10,23,0.5523465703971119,2e-05,16,128,,,0.1,True,4.5,109483778,109483778,100.0
full_ft,bert-base-uncased,rte,1280,10,11,0.5631768953068592,2e-05,16,128,,,0.1,True,18.0,109483778,109483778,100.0
full_ft,bert-base-uncased,rte,1280,10,17,0.5667870036101083,2e-05,16,128,,,0.1,True,16.4,109483778,109483778,100.0
full_ft,bert-base-uncased,rte,1280,10,23,0.555956678700361,2e-05,16,128,,,0.1,True,17.2,109483778,109483778,100.0
ia3,bert-base-uncased,rte,80,1,11,0.4620938628158845,0.0002,16,128,,,0.1,True,0.2,109512964,29186,0.0267
ia3,bert-base-uncased,rte,80,1,17,0.5270758122743683,0.0002,16,128,,,0.1,True,0.2,109512964,29186,0.0267
ia3,bert-base-uncased,rte,80,1,23,0.4693140794223827,0.0002,16,128,,,0.1,True,0.2,109512964,29186,0.0267
ia3,bert-base-uncased,rte,320,1,11,0.4729241877256318,0.0002,16,128,,,0.1,True,0.5,109512964,29186,0.0267
ia3,bert-base-uncased,rte,320,1,17,0.4693140794223827,0.0002,16,128,,,0.1,True,0.6,109512964,29186,0.0267
ia3,bert-base-uncased,rte,320,1,23,0.5270758122743683,0.0002,16,128,,,0.1,True,0.6,109512964,29186,0.0267
ia3,bert-base-uncased,rte,1280,1,11,0.47653429602888087,0.0002,16,128,,,0.1,True,1.6,109512964,29186,0.0267
ia3,bert-base-uncased,rte,1280,1,17,0.4584837545126354,0.0002,16,128,,,0.1,True,1.5,109512964,29186,0.0267
ia3,bert-base-uncased,rte,1280,1,23,0.5342960288808665,0.0002,16,128,,,0.1,True,1.5,109512964,29186,0.0267
ia3,bert-base-uncased,rte,80,2,11,0.5270758122743683,0.0002,16,128,,,0.1,True,0.3,109512964,29186,0.0267
ia3,bert-base-uncased,rte,80,2,17,0.4548736462093863,0.0002,16,128,,,0.1,True,0.3,109512964,29186,0.0267
ia3,bert-base-uncased,rte,80,2,23,0.4223826714801444,0.0002,16,128,,,0.1,True,0.3,109512964,29186,0.0267
ia3,bert-base-uncased,rte,320,2,11,0.4693140794223827,0.0002,16,128,,,0.1,True,0.9,109512964,29186,0.0267
ia3,bert-base-uncased,rte,320,2,17,0.4584837545126354,0.0002,16,128,,,0.1,True,0.9,109512964,29186,0.0267
ia3,bert-base-uncased,rte,320,2,23,0.4259927797833935,0.0002,16,128,,,0.1,True,0.9,109512964,29186,0.0267
ia3,bert-base-uncased,rte,1280,2,11,0.5415162454873647,0.0002,16,128,,,0.1,True,3.0,109512964,29186,0.0267
ia3,bert-base-uncased,rte,1280,2,17,0.47653429602888087,0.0002,16,128,,,0.1,True,3.0,109512964,29186,0.0267
ia3,bert-base-uncased,rte,1280,2,23,0.5379061371841155,0.0002,16,128,,,0.1,True,3.0,109512964,29186,0.0267
ia3,bert-base-uncased,rte,80,5,11,0.5270758122743683,0.0002,16,128,,,0.1,True,0.5,109512964,29186,0.0267
ia3,bert-base-uncased,rte,80,5,17,0.4151624548736462,0.0002,16,128,,,0.1,True,0.5,109512964,29186,0.0267
ia3,bert-base-uncased,rte,80,5,23,0.4657039711191336,0.0002,16,128,,,0.1,True,0.5,109512964,29186,0.0267
ia3,bert-base-uncased,rte,320,5,11,0.4981949458483754,0.0002,16,128,,,0.1,True,2.4,109512964,29186,0.0267
ia3,bert-base-uncased,rte,320,5,17,0.4693140794223827,0.0002,16,128,,,0.1,True,2.4,109512964,29186,0.0267
ia3,bert-base-uncased,rte,320,5,23,0.48014440433212996,0.0002,16,128,,,0.1,True,2.5,109512964,29186,0.0267
ia3,bert-base-uncased,rte,1280,5,11,0.5776173285198556,0.0002,16,128,,,0.1,True,7.3,109512964,29186,0.0267
ia3,bert-base-uncased,rte,1280,5,17,0.5703971119133574,0.0002,16,128,,,0.1,True,7.4,109512964,29186,0.0267
ia3,bert-base-uncased,rte,1280,5,23,0.5667870036101083,0.0002,16,128,,,0.1,True,9.7,109512964,29186,0.0267
ia3,bert-base-uncased,rte,80,10,11,0.45126353790613716,0.0002,16,128,,,0.1,True,1.0,109512964,29186,0.0267
ia3,bert-base-uncased,rte,80,10,17,0.4584837545126354,0.0002,16,128,,,0.1,True,1.0,109512964,29186,0.0267
ia3,bert-base-uncased,rte,80,10,23,0.4620938628158845,0.0002,16,128,,,0.1,True,1.1,109512964,29186,0.0267
ia3,bert-base-uncased,rte,320,10,11,0.4693140794223827,0.0002,16,128,,,0.1,True,3.9,109512964,29186,0.0267
ia3,bert-base-uncased,rte,320,10,17,0.5270758122743683,0.0002,16,128,,,0.1,True,4.3,109512964,29186,0.0267
ia3,bert-base-uncased,rte,320,10,23,0.5415162454873647,0.0002,16,128,,,0.1,True,4.2,109512964,29186,0.0267
ia3,bert-base-uncased,rte,1280,10,11,0.5667870036101083,0.0002,16,128,,,0.1,True,18.2,109512964,29186,0.0267
ia3,bert-base-uncased,rte,1280,10,17,0.5776173285198556,0.0002,16,128,,,0.1,True,14.6,109512964,29186,0.0267
ia3,bert-base-uncased,rte,1280,10,23,0.5631768953068592,0.0002,16,128,,,0.1,True,15.5,109512964,29186,0.0267
lora,bert-base-uncased,rte,80,1,11,0.5270758122743683,0.0002,16,128,8,16,0.1,True,0.2,109780228,296450,0.27
lora,bert-base-uncased,rte,80,1,17,0.4620938628158845,0.0002,16,128,8,16,0.1,True,0.2,109780228,296450,0.27
lora,bert-base-uncased,rte,80,1,23,0.5270758122743683,0.0002,16,128,8,16,0.1,True,0.2,109780228,296450,0.27
lora,bert-base-uncased,rte,320,1,11,0.5306859205776173,0.0002,16,128,8,16,0.1,True,0.5,109780228,296450,0.27
lora,bert-base-uncased,rte,320,1,17,0.5451263537906137,0.0002,16,128,8,16,0.1,True,0.5,109780228,296450,0.27
lora,bert-base-uncased,rte,320,1,23,0.5451263537906137,0.0002,16,128,8,16,0.1,True,0.5,109780228,296450,0.27
lora,bert-base-uncased,rte,1280,1,11,0.49097472924187724,0.0002,16,128,8,16,0.1,True,2.2,109780228,296450,0.27
lora,bert-base-uncased,rte,1280,1,17,0.5018050541516246,0.0002,16,128,8,16,0.1,True,2.2,109780228,296450,0.27
lora,bert-base-uncased,rte,1280,1,23,0.5487364620938628,0.0002,16,128,8,16,0.1,True,1.9,109780228,296450,0.27
lora,bert-base-uncased,rte,80,2,11,0.5270758122743683,0.0002,16,128,8,16,0.1,True,0.3,109780228,296450,0.27
lora,bert-base-uncased,rte,80,2,17,0.5270758122743683,0.0002,16,128,8,16,0.1,True,0.3,109780228,296450,0.27
lora,bert-base-uncased,rte,80,2,23,0.4729241877256318,0.0002,16,128,8,16,0.1,True,0.3,109780228,296450,0.27
lora,bert-base-uncased,rte,320,2,11,0.5487364620938628,0.0002,16,128,8,16,0.1,True,0.9,109780228,296450,0.27
lora,bert-base-uncased,rte,320,2,17,0.4729241877256318,0.0002,16,128,8,16,0.1,True,0.9,109780228,296450,0.27
lora,bert-base-uncased,rte,320,2,23,0.5667870036101083,0.0002,16,128,8,16,0.1,True,0.9,109780228,296450,0.27
lora,bert-base-uncased,rte,1280,2,11,0.5703971119133574,0.0002,16,128,8,16,0.1,True,3.6,109780228,296450,0.27
lora,bert-base-uncased,rte,1280,2,17,0.5451263537906137,0.0002,16,128,8,16,0.1,True,3.7,109780228,296450,0.27
lora,bert-base-uncased,rte,1280,2,23,0.5451263537906137,0.0002,16,128,8,16,0.1,True,3.4,109780228,296450,0.27
lora,bert-base-uncased,rte,80,5,11,0.4693140794223827,0.0002,16,128,8,16,0.1,True,0.6,109780228,296450,0.27
lora,bert-base-uncased,rte,80,5,17,0.4693140794223827,0.0002,16,128,8,16,0.1,True,0.6,109780228,296450,0.27
lora,bert-base-uncased,rte,80,5,23,0.4259927797833935,0.0002,16,128,8,16,0.1,True,0.6,109780228,296450,0.27
lora,bert-base-uncased,rte,320,5,11,0.5667870036101083,0.0002,16,128,8,16,0.1,True,2.2,109780228,296450,0.27
lora,bert-base-uncased,rte,320,5,17,0.48014440433212996,0.0002,16,128,8,16,0.1,True,2.2,109780228,296450,0.27
lora,bert-base-uncased,rte,320,5,23,0.516245487364621,0.0002,16,128,8,16,0.1,True,3.0,109780228,296450,0.27
lora,bert-base-uncased,rte,1280,5,11,0.5631768953068592,0.0002,16,128,8,16,0.1,True,8.4,109780228,296450,0.27
lora,bert-base-uncased,rte,1280,5,17,0.6064981949458483,0.0002,16,128,8,16,0.1,True,8.6,109780228,296450,0.27
lora,bert-base-uncased,rte,1280,5,23,0.6173285198555957,0.0002,16,128,8,16,0.1,True,8.5,109780228,296450,0.27
lora,bert-base-uncased,rte,80,10,11,0.5306859205776173,0.0002,16,128,8,16,0.1,True,1.1,109780228,296450,0.27
lora,bert-base-uncased,rte,80,10,17,0.4548736462093863,0.0002,16,128,8,16,0.1,True,1.1,109780228,296450,0.27
lora,bert-base-uncased,rte,80,10,23,0.47653429602888087,0.0002,16,128,8,16,0.1,True,1.1,109780228,296450,0.27
lora,bert-base-uncased,rte,320,10,11,0.555956678700361,0.0002,16,128,8,16,0.1,True,6.0,109780228,296450,0.27
lora,bert-base-uncased,rte,320,10,17,0.5523465703971119,0.0002,16,128,8,16,0.1,True,6.1,109780228,296450,0.27
lora,bert-base-uncased,rte,320,10,23,0.5992779783393501,0.0002,16,128,8,16,0.1,True,5.0,109780228,296450,0.27
lora,bert-base-uncased,rte,1280,10,11,0.7075812274368231,0.0002,16,128,8,16,0.1,True,17.5,109780228,296450,0.27
lora,bert-base-uncased,rte,1280,10,17,0.6642599277978339,0.0002,16,128,8,16,0.1,True,16.5,109780228,296450,0.27
lora,bert-base-uncased,rte,1280,10,23,0.6787003610108303,0.0002,16,128,8,16,0.1,True,19.5,109780228,296450,0.27
bitfit,bert-base-uncased,sst2,80,1,11,0.48394495412844035,0.0002,16,128,,,0.1,True,0.3,109483778,104450,0.0954
bitfit,bert-base-uncased,sst2,80,1,17,0.48623853211009177,0.0002,16,128,,,0.1,True,0.4,109483778,104450,0.0954
bitfit,bert-base-uncased,sst2,80,1,23,0.481651376146789,0.0002,16,128,,,0.1,True,0.3,109483778,104450,0.0954
bitfit,bert-base-uncased,sst2,320,1,11,0.5091743119266054,0.0002,16,128,,,0.1,True,0.5,109483778,104450,0.0954
bitfit,bert-base-uncased,sst2,320,1,17,0.5126146788990825,0.0002,16,128,,,0.1,True,0.5,109483778,104450,0.0954
bitfit,bert-base-uncased,sst2,320,1,23,0.5091743119266054,0.0002,16,128,,,0.1,True,0.5,109483778,104450,0.0954
bitfit,bert-base-uncased,sst2,1280,1,11,0.5114678899082569,0.0002,16,128,,,0.1,True,1.7,109483778,104450,0.0954
bitfit,bert-base-uncased,sst2,1280,1,17,0.551605504587156,0.0002,16,128,,,0.1,True,1.5,109483778,104450,0.0954
bitfit,bert-base-uncased,sst2,1280,1,23,0.5091743119266054,0.0002,16,128,,,0.1,True,1.5,109483778,104450,0.0954
bitfit,bert-base-uncased,sst2,80,2,11,0.4713302752293578,0.0002,16,128,,,0.1,True,0.3,109483778,104450,0.0954
bitfit,bert-base-uncased,sst2,80,2,17,0.5126146788990825,0.0002,16,128,,,0.1,True,0.4,109483778,104450,0.0954
bitfit,bert-base-uncased,sst2,80,2,23,0.4896788990825688,0.0002,16,128,,,0.1,True,0.3,109483778,104450,0.0954
bitfit,bert-base-uncased,sst2,320,2,11,0.5091743119266054,0.0002,16,128,,,0.1,True,0.8,109483778,104450,0.0954
bitfit,bert-base-uncased,sst2,320,2,17,0.5091743119266054,0.0002,16,128,,,0.1,True,0.8,109483778,104450,0.0954
bitfit,bert-base-uncased,sst2,320,2,23,0.5321100917431193,0.0002,16,128,,,0.1,True,0.9,109483778,104450,0.0954
bitfit,bert-base-uncased,sst2,1280,2,11,0.5103211009174312,0.0002,16,128,,,0.1,True,2.8,109483778,104450,0.0954
bitfit,bert-base-uncased,sst2,1280,2,17,0.5447247706422018,0.0002,16,128,,,0.1,True,2.5,109483778,104450,0.0954
bitfit,bert-base-uncased,sst2,1280,2,23,0.5160550458715596,0.0002,16,128,,,0.1,True,2.5,109483778,104450,0.0954
bitfit,bert-base-uncased,sst2,80,5,11,0.5011467889908257,0.0002,16,128,,,0.1,True,0.6,109483778,104450,0.0954
bitfit,bert-base-uncased,sst2,80,5,17,0.5080275229357798,0.0002,16,128,,,0.1,True,0.6,109483778,104450,0.0954
bitfit,bert-base-uncased,sst2,80,5,23,0.5011467889908257,0.0002,16,128,,,0.1,True,0.5,109483778,104450,0.0954
bitfit,bert-base-uncased,sst2,320,5,11,0.5103211009174312,0.0002,16,128,,,0.1,True,1.8,109483778,104450,0.0954
bitfit,bert-base-uncased,sst2,320,5,17,0.5137614678899083,0.0002,16,128,,,0.1,True,1.7,109483778,104450,0.0954
bitfit,bert-base-uncased,sst2,320,5,23,0.5091743119266054,0.0002,16,128,,,0.1,True,1.7,109483778,104450,0.0954
bitfit,bert-base-uncased,sst2,1280,5,11,0.5825688073394495,0.0002,16,128,,,0.1,True,6.2,109483778,104450,0.0954
bitfit,bert-base-uncased,sst2,1280,5,17,0.6525229357798165,0.0002,16,128,,,0.1,True,6.7,109483778,104450,0.0954
bitfit,bert-base-uncased,sst2,1280,5,23,0.6192660550458715,0.0002,16,128,,,0.1,True,5.8,109483778,104450,0.0954
bitfit,bert-base-uncased,sst2,80,10,11,0.5194954128440367,0.0002,16,128,,,0.1,True,1.3,109483778,104450,0.0954
bitfit,bert-base-uncased,sst2,80,10,17,0.5034403669724771,0.0002,16,128,,,0.1,True,1.1,109483778,104450,0.0954
bitfit,bert-base-uncased,sst2,80,10,23,0.5034403669724771,0.0002,16,128,,,0.1,True,0.9,109483778,104450,0.0954
bitfit,bert-base-uncased,sst2,320,10,11,0.5103211009174312,0.0002,16,128,,,0.1,True,3.1,109483778,104450,0.0954
bitfit,bert-base-uncased,sst2,320,10,17,0.518348623853211,0.0002,16,128,,,0.1,True,3.2,109483778,104450,0.0954
bitfit,bert-base-uncased,sst2,320,10,23,0.5172018348623854,0.0002,16,128,,,0.1,True,3.1,109483778,104450,0.0954
bitfit,bert-base-uncased,sst2,1280,10,11,0.8520642201834863,0.0002,16,128,,,0.1,True,14.0,109483778,104450,0.0954
bitfit,bert-base-uncased,sst2,1280,10,17,0.8497706422018348,0.0002,16,128,,,0.1,True,12.4,109483778,104450,0.0954
bitfit,bert-base-uncased,sst2,1280,10,23,0.8188073394495413,0.0002,16,128,,,0.1,True,11.8,109483778,104450,0.0954
full_ft,bert-base-uncased,sst2,80,1,11,0.481651376146789,2e-05,16,128,,,0.1,True,0.7,109483778,109483778,100.0
full_ft,bert-base-uncased,sst2,80,1,17,0.4782110091743119,2e-05,16,128,,,0.1,True,0.3,109483778,109483778,100.0
full_ft,bert-base-uncased,sst2,80,1,23,0.4827981651376147,2e-05,16,128,,,0.1,True,0.4,109483778,109483778,100.0
full_ft,bert-base-uncased,sst2,320,1,11,0.4827981651376147,2e-05,16,128,,,0.1,True,0.6,109483778,109483778,100.0
full_ft,bert-base-uncased,sst2,320,1,17,0.481651376146789,2e-05,16,128,,,0.1,True,0.6,109483778,109483778,100.0
full_ft,bert-base-uncased,sst2,320,1,23,0.4805045871559633,2e-05,16,128,,,0.1,True,0.7,109483778,109483778,100.0
full_ft,bert-base-uncased,sst2,1280,1,11,0.4919724770642202,2e-05,16,128,,,0.1,True,1.8,109483778,109483778,100.0
full_ft,bert-base-uncased,sst2,1280,1,17,0.4793577981651376,2e-05,16,128,,,0.1,True,1.8,109483778,109483778,100.0
full_ft,bert-base-uncased,sst2,1280,1,23,0.47706422018348627,2e-05,16,128,,,0.1,True,1.8,109483778,109483778,100.0
full_ft,bert-base-uncased,sst2,80,2,11,0.4827981651376147,2e-05,16,128,,,0.1,True,0.4,109483778,109483778,100.0
full_ft,bert-base-uncased,sst2,80,2,17,0.4793577981651376,2e-05,16,128,,,0.1,True,0.4,109483778,109483778,100.0
full_ft,bert-base-uncased,sst2,80,2,23,0.4793577981651376,2e-05,16,128,,,0.1,True,0.4,109483778,109483778,100.0
full_ft,bert-base-uncased,sst2,320,2,11,0.4782110091743119,2e-05,16,128,,,0.1,True,1.1,109483778,109483778,100.0
full_ft,bert-base-uncased,sst2,320,2,17,0.4782110091743119,2e-05,16,128,,,0.1,True,1.1,109483778,109483778,100.0
full_ft,bert-base-uncased,sst2,320,2,23,0.4873853211009174,2e-05,16,128,,,0.1,True,1.1,109483778,109483778,100.0
full_ft,bert-base-uncased,sst2,1280,2,11,0.5149082568807339,2e-05,16,128,,,0.1,True,3.6,109483778,109483778,100.0
full_ft,bert-base-uncased,sst2,1280,2,17,0.5022935779816514,2e-05,16,128,,,0.1,True,4.2,109483778,109483778,100.0
full_ft,bert-base-uncased,sst2,1280,2,23,0.5160550458715596,2e-05,16,128,,,0.1,True,3.9,109483778,109483778,100.0
full_ft,bert-base-uncased,sst2,80,5,11,0.4805045871559633,2e-05,16,128,,,0.1,True,0.7,109483778,109483778,100.0
full_ft,bert-base-uncased,sst2,80,5,17,0.4827981651376147,2e-05,16,128,,,0.1,True,0.7,109483778,109483778,100.0
full_ft,bert-base-uncased,sst2,80,5,23,0.48394495412844035,2e-05,16,128,,,0.1,True,0.7,109483778,109483778,100.0
full_ft,bert-base-uncased,sst2,320,5,11,0.4954128440366973,2e-05,16,128,,,0.1,True,2.3,109483778,109483778,100.0
full_ft,bert-base-uncased,sst2,320,5,17,0.4954128440366973,2e-05,16,128,,,0.1,True,2.3,109483778,109483778,100.0
full_ft,bert-base-uncased,sst2,320,5,23,0.4908256880733945,2e-05,16,128,,,0.1,True,2.6,109483778,109483778,100.0
full_ft,bert-base-uncased,sst2,1280,5,11,0.6938073394495413,2e-05,16,128,,,0.1,True,8.6,109483778,109483778,100.0
full_ft,bert-base-uncased,sst2,1280,5,17,0.6215596330275229,2e-05,16,128,,,0.1,True,8.2,109483778,109483778,100.0
full_ft,bert-base-uncased,sst2,1280,5,23,0.7339449541284404,2e-05,16,128,,,0.1,True,8.4,109483778,109483778,100.0
full_ft,bert-base-uncased,sst2,80,10,11,0.48394495412844035,2e-05,16,128,,,0.1,True,1.5,109483778,109483778,100.0
full_ft,bert-base-uncased,sst2,80,10,17,0.48853211009174313,2e-05,16,128,,,0.1,True,1.4,109483778,109483778,100.0
full_ft,bert-base-uncased,sst2,80,10,23,0.4827981651376147,2e-05,16,128,,,0.1,True,1.5,109483778,109483778,100.0
full_ft,bert-base-uncased,sst2,320,10,11,0.5779816513761468,2e-05,16,128,,,0.1,True,5.0,109483778,109483778,100.0
full_ft,bert-base-uncased,sst2,320,10,17,0.6123853211009175,2e-05,16,128,,,0.1,True,4.5,109483778,109483778,100.0
full_ft,bert-base-uncased,sst2,320,10,23,0.5871559633027523,2e-05,16,128,,,0.1,True,4.3,109483778,109483778,100.0
full_ft,bert-base-uncased,sst2,1280,10,11,0.8130733944954128,2e-05,16,128,,,0.1,True,16.8,109483778,109483778,100.0
full_ft,bert-base-uncased,sst2,1280,10,17,0.8176605504587156,2e-05,16,128,,,0.1,True,17.3,109483778,109483778,100.0
full_ft,bert-base-uncased,sst2,1280,10,23,0.8405963302752294,2e-05,16,128,,,0.1,True,17.0,109483778,109483778,100.0
ia3,bert-base-uncased,sst2,80,1,11,0.48853211009174313,0.0002,16,128,,,0.1,True,0.3,109512964,29186,0.0267
ia3,bert-base-uncased,sst2,80,1,17,0.4736238532110092,0.0002,16,128,,,0.1,True,0.4,109512964,29186,0.0267
ia3,bert-base-uncased,sst2,80,1,23,0.4793577981651376,0.0002,16,128,,,0.1,True,0.3,109512964,29186,0.0267
ia3,bert-base-uncased,sst2,320,1,11,0.5022935779816514,0.0002,16,128,,,0.1,True,0.6,109512964,29186,0.0267
ia3,bert-base-uncased,sst2,320,1,17,0.5068807339449541,0.0002,16,128,,,0.1,True,0.6,109512964,29186,0.0267
ia3,bert-base-uncased,sst2,320,1,23,0.5,0.0002,16,128,,,0.1,True,0.6,109512964,29186,0.0267
ia3,bert-base-uncased,sst2,1280,1,11,0.5160550458715596,0.0002,16,128,,,0.1,True,1.8,109512964,29186,0.0267
ia3,bert-base-uncased,sst2,1280,1,17,0.5091743119266054,0.0002,16,128,,,0.1,True,1.7,109512964,29186,0.0267
ia3,bert-base-uncased,sst2,1280,1,23,0.5034403669724771,0.0002,16,128,,,0.1,True,1.7,109512964,29186,0.0267
ia3,bert-base-uncased,sst2,80,2,11,0.48394495412844035,0.0002,16,128,,,0.1,True,0.5,109512964,29186,0.0267
ia3,bert-base-uncased,sst2,80,2,17,0.5114678899082569,0.0002,16,128,,,0.1,True,0.5,109512964,29186,0.0267
ia3,bert-base-uncased,sst2,80,2,23,0.49770642201834864,0.0002,16,128,,,0.1,True,0.4,109512964,29186,0.0267
ia3,bert-base-uncased,sst2,320,2,11,0.5080275229357798,0.0002,16,128,,,0.1,True,1.0,109512964,29186,0.0267
ia3,bert-base-uncased,sst2,320,2,17,0.4919724770642202,0.0002,16,128,,,0.1,True,1.0,109512964,29186,0.0267
ia3,bert-base-uncased,sst2,320,2,23,0.5,0.0002,16,128,,,0.1,True,1.0,109512964,29186,0.0267
ia3,bert-base-uncased,sst2,1280,2,11,0.5080275229357798,0.0002,16,128,,,0.1,True,4.2,109512964,29186,0.0267
ia3,bert-base-uncased,sst2,1280,2,17,0.5068807339449541,0.0002,16,128,,,0.1,True,4.2,109512964,29186,0.0267
ia3,bert-base-uncased,sst2,1280,2,23,0.5137614678899083,0.0002,16,128,,,0.1,True,4.0,109512964,29186,0.0267
ia3,bert-base-uncased,sst2,80,5,11,0.49655963302752293,0.0002,16,128,,,0.1,True,0.7,109512964,29186,0.0267
ia3,bert-base-uncased,sst2,80,5,17,0.5068807339449541,0.0002,16,128,,,0.1,True,0.7,109512964,29186,0.0267
ia3,bert-base-uncased,sst2,80,5,23,0.5011467889908257,0.0002,16,128,,,0.1,True,0.7,109512964,29186,0.0267
ia3,bert-base-uncased,sst2,320,5,11,0.5057339449541285,0.0002,16,128,,,0.1,True,2.1,109512964,29186,0.0267
ia3,bert-base-uncased,sst2,320,5,17,0.5057339449541285,0.0002,16,128,,,0.1,True,2.0,109512964,29186,0.0267
ia3,bert-base-uncased,sst2,320,5,23,0.5057339449541285,0.0002,16,128,,,0.1,True,2.3,109512964,29186,0.0267
ia3,bert-base-uncased,sst2,1280,5,11,0.518348623853211,0.0002,16,128,,,0.1,True,7.5,109512964,29186,0.0267
ia3,bert-base-uncased,sst2,1280,5,17,0.5837155963302753,0.0002,16,128,,,0.1,True,7.6,109512964,29186,0.0267
ia3,bert-base-uncased,sst2,1280,5,23,0.5263761467889908,0.0002,16,128,,,0.1,True,7.5,109512964,29186,0.0267
ia3,bert-base-uncased,sst2,80,10,11,0.5045871559633027,0.0002,16,128,,,0.1,True,1.3,109512964,29186,0.0267
ia3,bert-base-uncased,sst2,80,10,17,0.5057339449541285,0.0002,16,128,,,0.1,True,1.4,109512964,29186,0.0267
ia3,bert-base-uncased,sst2,80,10,23,0.5057339449541285,0.0002,16,128,,,0.1,True,1.2,109512964,29186,0.0267
ia3,bert-base-uncased,sst2,320,10,11,0.5057339449541285,0.0002,16,128,,,0.1,True,4.6,109512964,29186,0.0267
ia3,bert-base-uncased,sst2,320,10,17,0.5126146788990825,0.0002,16,128,,,0.1,True,4.2,109512964,29186,0.0267
ia3,bert-base-uncased,sst2,320,10,23,0.5344036697247706,0.0002,16,128,,,0.1,True,3.9,109512964,29186,0.0267
ia3,bert-base-uncased,sst2,1280,10,11,0.536697247706422,0.0002,16,128,,,0.1,True,14.5,109512964,29186,0.0267
ia3,bert-base-uncased,sst2,1280,10,17,0.6192660550458715,0.0002,16,128,,,0.1,True,16.5,109512964,29186,0.0267
ia3,bert-base-uncased,sst2,1280,10,23,0.591743119266055,0.0002,16,128,,,0.1,True,14.8,109512964,29186,0.0267
lora,bert-base-uncased,sst2,80,1,11,0.47706422018348627,0.0002,16,128,8,16,0.1,True,0.4,109780228,296450,0.27
lora,bert-base-uncased,sst2,80,1,17,0.46788990825688076,0.0002,16,128,8,16,0.1,True,0.4,109780228,296450,0.27
lora,bert-base-uncased,sst2,80,1,23,0.4713302752293578,0.0002,16,128,8,16,0.1,True,0.4,109780228,296450,0.27
lora,bert-base-uncased,sst2,320,1,11,0.5091743119266054,0.0002,16,128,8,16,0.1,True,1.1,109780228,296450,0.27
lora,bert-base-uncased,sst2,320,1,17,0.5091743119266054,0.0002,16,128,8,16,0.1,True,0.7,109780228,296450,0.27
lora,bert-base-uncased,sst2,320,1,23,0.5412844036697247,0.0002,16,128,8,16,0.1,True,0.7,109780228,296450,0.27
lora,bert-base-uncased,sst2,1280,1,11,0.5825688073394495,0.0002,16,128,8,16,0.1,True,1.9,109780228,296450,0.27
lora,bert-base-uncased,sst2,1280,1,17,0.518348623853211,0.0002,16,128,8,16,0.1,True,2.2,109780228,296450,0.27
lora,bert-base-uncased,sst2,1280,1,23,0.5091743119266054,0.0002,16,128,8,16,0.1,True,2.5,109780228,296450,0.27
lora,bert-base-uncased,sst2,80,2,11,0.5011467889908257,0.0002,16,128,8,16,0.1,True,0.5,109780228,296450,0.27
lora,bert-base-uncased,sst2,80,2,17,0.5034403669724771,0.0002,16,128,8,16,0.1,True,0.6,109780228,296450,0.27
lora,bert-base-uncased,sst2,80,2,23,0.48623853211009177,0.0002,16,128,8,16,0.1,True,0.5,109780228,296450,0.27
lora,bert-base-uncased,sst2,320,2,11,0.5091743119266054,0.0002,16,128,8,16,0.1,True,1.1,109780228,296450,0.27
lora,bert-base-uncased,sst2,320,2,17,0.5091743119266054,0.0002,16,128,8,16,0.1,True,1.1,109780228,296450,0.27
lora,bert-base-uncased,sst2,320,2,23,0.5091743119266054,0.0002,16,128,8,16,0.1,True,1.2,109780228,296450,0.27
lora,bert-base-uncased,sst2,1280,2,11,0.7844036697247706,0.0002,16,128,8,16,0.1,True,4.5,109780228,296450,0.27
lora,bert-base-uncased,sst2,1280,2,17,0.8176605504587156,0.0002,16,128,8,16,0.1,True,3.9,109780228,296450,0.27
lora,bert-base-uncased,sst2,1280,2,23,0.7844036697247706,0.0002,16,128,8,16,0.1,True,3.6,109780228,296450,0.27
lora,bert-base-uncased,sst2,80,5,11,0.4988532110091743,0.0002,16,128,8,16,0.1,True,0.8,109780228,296450,0.27
lora,bert-base-uncased,sst2,80,5,17,0.5080275229357798,0.0002,16,128,8,16,0.1,True,0.8,109780228,296450,0.27
lora,bert-base-uncased,sst2,80,5,23,0.5149082568807339,0.0002,16,128,8,16,0.1,True,0.8,109780228,296450,0.27
lora,bert-base-uncased,sst2,320,5,11,0.5091743119266054,0.0002,16,128,8,16,0.1,True,2.8,109780228,296450,0.27
lora,bert-base-uncased,sst2,320,5,17,0.536697247706422,0.0002,16,128,8,16,0.1,True,2.7,109780228,296450,0.27
lora,bert-base-uncased,sst2,320,5,23,0.5355504587155964,0.0002,16,128,8,16,0.1,True,2.6,109780228,296450,0.27
lora,bert-base-uncased,sst2,1280,5,11,0.8681192660550459,0.0002,16,128,8,16,0.1,True,8.6,109780228,296450,0.27
lora,bert-base-uncased,sst2,1280,5,17,0.8704128440366973,0.0002,16,128,8,16,0.1,True,8.8,109780228,296450,0.27
lora,bert-base-uncased,sst2,1280,5,23,0.8314220183486238,0.0002,16,128,8,16,0.1,True,9.2,109780228,296450,0.27
lora,bert-base-uncased,sst2,80,10,11,0.5045871559633027,0.0002,16,128,8,16,0.1,True,1.8,109780228,296450,0.27
lora,bert-base-uncased,sst2,80,10,17,0.5068807339449541,0.0002,16,128,8,16,0.1,True,1.3,109780228,296450,0.27
lora,bert-base-uncased,sst2,80,10,23,0.5011467889908257,0.0002,16,128,8,16,0.1,True,1.3,109780228,296450,0.27
lora,bert-base-uncased,sst2,320,10,11,0.8188073394495413,0.0002,16,128,8,16,0.1,True,4.4,109780228,296450,0.27
lora,bert-base-uncased,sst2,320,10,17,0.8337155963302753,0.0002,16,128,8,16,0.1,True,4.5,109780228,296450,0.27
lora,bert-base-uncased,sst2,320,10,23,0.7947247706422018,0.0002,16,128,8,16,0.1,True,4.5,109780228,296450,0.27
lora,bert-base-uncased,sst2,1280,10,11,0.875,0.0002,16,128,8,16,0.1,True,16.7,109780228,296450,0.27
lora,bert-base-uncased,sst2,1280,10,17,0.8887614678899083,0.0002,16,128,8,16,0.1,True,18.7,109780228,296450,0.27
lora,bert-base-uncased,sst2,1280,10,23,0.8509174311926605,0.0002,16,128,8,16,0.1,True,16.8,109780228,296450,0.27
bitfit,roberta-base,mrpc,80,1,11,0.6838235294117647,0.0002,16,128,,,0.1,True,0.2,124647170,694274,0.557
bitfit,roberta-base,mrpc,80,1,17,0.6838235294117647,0.0002,16,128,,,0.1,True,0.2,124647170,694274,0.557
bitfit,roberta-base,mrpc,80,1,23,0.6838235294117647,0.0002,16,128,,,0.1,True,0.2,124647170,694274,0.557
bitfit,roberta-base,mrpc,320,1,11,0.6838235294117647,0.0002,16,128,,,0.1,True,0.4,124647170,694274,0.557
bitfit,roberta-base,mrpc,320,1,17,0.6838235294117647,0.0002,16,128,,,0.1,True,0.4,124647170,694274,0.557
bitfit,roberta-base,mrpc,320,1,23,0.6838235294117647,0.0002,16,128,,,0.1,True,0.5,124647170,694274,0.557
bitfit,roberta-base,mrpc,1280,1,11,0.6838235294117647,0.0002,16,128,,,0.1,True,1.3,124647170,694274,0.557
bitfit,roberta-base,mrpc,1280,1,17,0.6838235294117647,0.0002,16,128,,,0.1,True,1.3,124647170,694274,0.557
bitfit,roberta-base,mrpc,1280,1,23,0.6838235294117647,0.0002,16,128,,,0.1,True,1.7,124647170,694274,0.557
bitfit,roberta-base,mrpc,80,2,11,0.6838235294117647,0.0002,16,128,,,0.1,True,0.3,124647170,694274,0.557
bitfit,roberta-base,mrpc,80,2,17,0.6838235294117647,0.0002,16,128,,,0.1,True,0.3,124647170,694274,0.557
bitfit,roberta-base,mrpc,80,2,23,0.6838235294117647,0.0002,16,128,,,0.1,True,0.2,124647170,694274,0.557
bitfit,roberta-base,mrpc,320,2,11,0.6838235294117647,0.0002,16,128,,,0.1,True,0.7,124647170,694274,0.557
bitfit,roberta-base,mrpc,320,2,17,0.6838235294117647,0.0002,16,128,,,0.1,True,0.8,124647170,694274,0.557
bitfit,roberta-base,mrpc,320,2,23,0.6838235294117647,0.0002,16,128,,,0.1,True,0.7,124647170,694274,0.557
bitfit,roberta-base,mrpc,1280,2,11,0.6838235294117647,0.0002,16,128,,,0.1,True,3.2,124647170,694274,0.557
bitfit,roberta-base,mrpc,1280,2,17,0.6838235294117647,0.0002,16,128,,,0.1,True,2.8,124647170,694274,0.557
bitfit,roberta-base,mrpc,1280,2,23,0.6838235294117647,0.0002,16,128,,,0.1,True,3.0,124647170,694274,0.557
bitfit,roberta-base,mrpc,80,5,11,0.6838235294117647,0.0002,16,128,,,0.1,True,0.5,124647170,694274,0.557
bitfit,roberta-base,mrpc,80,5,17,0.6838235294117647,0.0002,16,128,,,0.1,True,0.5,124647170,694274,0.557
bitfit,roberta-base,mrpc,80,5,23,0.6838235294117647,0.0002,16,128,,,0.1,True,0.5,124647170,694274,0.557
bitfit,roberta-base,mrpc,320,5,11,0.6838235294117647,0.0002,16,128,,,0.1,True,2.0,124647170,694274,0.557
bitfit,roberta-base,mrpc,320,5,17,0.6838235294117647,0.0002,16,128,,,0.1,True,1.6,124647170,694274,0.557
bitfit,roberta-base,mrpc,320,5,23,0.6838235294117647,0.0002,16,128,,,0.1,True,1.6,124647170,694274,0.557
bitfit,roberta-base,mrpc,1280,5,11,0.6985294117647058,0.0002,16,128,,,0.1,True,5.9,124647170,694274,0.557
bitfit,roberta-base,mrpc,1280,5,17,0.6985294117647058,0.0002,16,128,,,0.1,True,6.0,124647170,694274,0.557
bitfit,roberta-base,mrpc,1280,5,23,0.7009803921568627,0.0002,16,128,,,0.1,True,6.1,124647170,694274,0.557
bitfit,roberta-base,mrpc,80,10,11,0.6838235294117647,0.0002,16,128,,,0.1,True,0.8,124647170,694274,0.557
bitfit,roberta-base,mrpc,80,10,17,0.6838235294117647,0.0002,16,128,,,0.1,True,0.8,124647170,694274,0.557
bitfit,roberta-base,mrpc,80,10,23,0.6838235294117647,0.0002,16,128,,,0.1,True,0.8,124647170,694274,0.557
bitfit,roberta-base,mrpc,320,10,11,0.6838235294117647,0.0002,16,128,,,0.1,True,3.0,124647170,694274,0.557
bitfit,roberta-base,mrpc,320,10,17,0.6838235294117647,0.0002,16,128,,,0.1,True,3.0,124647170,694274,0.557
bitfit,roberta-base,mrpc,320,10,23,0.6838235294117647,0.0002,16,128,,,0.1,True,3.0,124647170,694274,0.557
bitfit,roberta-base,mrpc,1280,10,11,0.7401960784313726,0.0002,16,128,,,0.1,True,13.3,124647170,694274,0.557
bitfit,roberta-base,mrpc,1280,10,17,0.7598039215686274,0.0002,16,128,,,0.1,True,11.8,124647170,694274,0.557
bitfit,roberta-base,mrpc,1280,10,23,0.7475490196078431,0.0002,16,128,,,0.1,True,14.3,124647170,694274,0.557
full_ft,roberta-base,mrpc,80,1,11,0.3161764705882353,2e-05,16,128,,,0.1,True,0.2,124647170,124647170,100.0
full_ft,roberta-base,mrpc,80,1,17,0.3161764705882353,2e-05,16,128,,,0.1,True,0.2,124647170,124647170,100.0
full_ft,roberta-base,mrpc,80,1,23,0.3161764705882353,2e-05,16,128,,,0.1,True,0.2,124647170,124647170,100.0
full_ft,roberta-base,mrpc,320,1,11,0.3161764705882353,2e-05,16,128,,,0.1,True,0.5,124647170,124647170,100.0
full_ft,roberta-base,mrpc,320,1,17,0.3161764705882353,2e-05,16,128,,,0.1,True,0.5,124647170,124647170,100.0
full_ft,roberta-base,mrpc,320,1,23,0.3161764705882353,2e-05,16,128,,,0.1,True,0.6,124647170,124647170,100.0
full_ft,roberta-base,mrpc,1280,1,11,0.6838235294117647,2e-05,16,128,,,0.1,True,1.8,124647170,124647170,100.0
full_ft,roberta-base,mrpc,1280,1,17,0.6838235294117647,2e-05,16,128,,,0.1,True,1.8,124647170,124647170,100.0
full_ft,roberta-base,mrpc,1280,1,23,0.6838235294117647,2e-05,16,128,,,0.1,True,2.2,124647170,124647170,100.0
full_ft,roberta-base,mrpc,80,2,11,0.3161764705882353,2e-05,16,128,,,0.1,True,0.3,124647170,124647170,100.0
full_ft,roberta-base,mrpc,80,2,17,0.3161764705882353,2e-05,16,128,,,0.1,True,0.4,124647170,124647170,100.0
full_ft,roberta-base,mrpc,80,2,23,0.3161764705882353,2e-05,16,128,,,0.1,True,0.3,124647170,124647170,100.0
full_ft,roberta-base,mrpc,320,2,11,0.6862745098039216,2e-05,16,128,,,0.1,True,1.2,124647170,124647170,100.0
full_ft,roberta-base,mrpc,320,2,17,0.5,2e-05,16,128,,,0.1,True,1.1,124647170,124647170,100.0
full_ft,roberta-base,mrpc,320,2,23,0.6740196078431373,2e-05,16,128,,,0.1,True,1.1,124647170,124647170,100.0
full_ft,roberta-base,mrpc,1280,2,11,0.6838235294117647,2e-05,16,128,,,0.1,True,4.4,124647170,124647170,100.0
full_ft,roberta-base,mrpc,1280,2,17,0.6838235294117647,2e-05,16,128,,,0.1,True,3.9,124647170,124647170,100.0
full_ft,roberta-base,mrpc,1280,2,23,0.6838235294117647,2e-05,16,128,,,0.1,True,4.0,124647170,124647170,100.0
full_ft,roberta-base,mrpc,80,5,11,0.3161764705882353,2e-05,16,128,,,0.1,True,0.6,124647170,124647170,100.0
full_ft,roberta-base,mrpc,80,5,17,0.3161764705882353,2e-05,16,128,,,0.1,True,0.6,124647170,124647170,100.0
full_ft,roberta-base,mrpc,80,5,23,0.3161764705882353,2e-05,16,128,,,0.1,True,0.6,124647170,124647170,100.0
full_ft,roberta-base,mrpc,320,5,11,0.6838235294117647,2e-05,16,128,,,0.1,True,2.5,124647170,124647170,100.0
full_ft,roberta-base,mrpc,320,5,17,0.6838235294117647,2e-05,16,128,,,0.1,True,2.3,124647170,124647170,100.0
full_ft,roberta-base,mrpc,320,5,23,0.6838235294117647,2e-05,16,128,,,0.1,True,2.3,124647170,124647170,100.0
full_ft,roberta-base,mrpc,1280,5,11,0.6838235294117647,2e-05,16,128,,,0.1,True,8.4,124647170,124647170,100.0
full_ft,roberta-base,mrpc,1280,5,17,0.6838235294117647,2e-05,16,128,,,0.1,True,9.0,124647170,124647170,100.0
full_ft,roberta-base,mrpc,1280,5,23,0.6838235294117647,2e-05,16,128,,,0.1,True,8.9,124647170,124647170,100.0
full_ft,roberta-base,mrpc,80,10,11,0.6838235294117647,2e-05,16,128,,,0.1,True,1.1,124647170,124647170,100.0
full_ft,roberta-base,mrpc,80,10,17,0.6838235294117647,2e-05,16,128,,,0.1,True,1.1,124647170,124647170,100.0
full_ft,roberta-base,mrpc,80,10,23,0.6838235294117647,2e-05,16,128,,,0.1,True,1.1,124647170,124647170,100.0
full_ft,roberta-base,mrpc,320,10,11,0.6838235294117647,2e-05,16,128,,,0.1,True,4.7,124647170,124647170,100.0
full_ft,roberta-base,mrpc,320,10,17,0.6838235294117647,2e-05,16,128,,,0.1,True,4.3,124647170,124647170,100.0
full_ft,roberta-base,mrpc,320,10,23,0.6838235294117647,2e-05,16,128,,,0.1,True,4.3,124647170,124647170,100.0
full_ft,roberta-base,mrpc,1280,10,11,0.7009803921568627,2e-05,16,128,,,0.1,True,16.8,124647170,124647170,100.0
full_ft,roberta-base,mrpc,1280,10,17,0.7205882352941176,2e-05,16,128,,,0.1,True,17.7,124647170,124647170,100.0
full_ft,roberta-base,mrpc,1280,10,23,0.6985294117647058,2e-05,16,128,,,0.1,True,17.8,124647170,124647170,100.0
ia3,roberta-base,mrpc,80,1,11,0.6838235294117647,0.0002,16,128,,,0.1,True,0.2,125266948,619778,0.4948
ia3,roberta-base,mrpc,80,1,17,0.6838235294117647,0.0002,16,128,,,0.1,True,0.2,125266948,619778,0.4948
ia3,roberta-base,mrpc,80,1,23,0.6838235294117647,0.0002,16,128,,,0.1,True,0.2,125266948,619778,0.4948
ia3,roberta-base,mrpc,320,1,11,0.6838235294117647,0.0002,16,128,,,0.1,True,0.5,125266948,619778,0.4948
ia3,roberta-base,mrpc,320,1,17,0.6838235294117647,0.0002,16,128,,,0.1,True,0.5,125266948,619778,0.4948
ia3,roberta-base,mrpc,320,1,23,0.6838235294117647,0.0002,16,128,,,0.1,True,0.6,125266948,619778,0.4948
ia3,roberta-base,mrpc,1280,1,11,0.6838235294117647,0.0002,16,128,,,0.1,True,1.7,125266948,619778,0.4948
ia3,roberta-base,mrpc,1280,1,17,0.6838235294117647,0.0002,16,128,,,0.1,True,1.6,125266948,619778,0.4948
ia3,roberta-base,mrpc,1280,1,23,0.6838235294117647,0.0002,16,128,,,0.1,True,2.2,125266948,619778,0.4948
ia3,roberta-base,mrpc,80,2,11,0.6838235294117647,0.0002,16,128,,,0.1,True,0.3,125266948,619778,0.4948
ia3,roberta-base,mrpc,80,2,17,0.6838235294117647,0.0002,16,128,,,0.1,True,0.4,125266948,619778,0.4948
ia3,roberta-base,mrpc,80,2,23,0.6838235294117647,0.0002,16,128,,,0.1,True,0.3,125266948,619778,0.4948
ia3,roberta-base,mrpc,320,2,11,0.6838235294117647,0.0002,16,128,,,0.1,True,1.1,125266948,619778,0.4948
ia3,roberta-base,mrpc,320,2,17,0.6838235294117647,0.0002,16,128,,,0.1,True,1.1,125266948,619778,0.4948
ia3,roberta-base,mrpc,320,2,23,0.6838235294117647,0.0002,16,128,,,0.1,True,1.2,125266948,619778,0.4948
ia3,roberta-base,mrpc,1280,2,11,0.6838235294117647,0.0002,16,128,,,0.1,True,4.1,125266948,619778,0.4948
ia3,roberta-base,mrpc,1280,2,17,0.6838235294117647,0.0002,16,128,,,0.1,True,3.8,125266948,619778,0.4948
ia3,roberta-base,mrpc,1280,2,23,0.6838235294117647,0.0002,16,128,,,0.1,True,3.4,125266948,619778,0.4948
ia3,roberta-base,mrpc,80,5,11,0.6838235294117647,0.0002,16,128,,,0.1,True,0.6,125266948,619778,0.4948
ia3,roberta-base,mrpc,80,5,17,0.6838235294117647,0.0002,16,128,,,0.1,True,0.6,125266948,619778,0.4948
ia3,roberta-base,mrpc,80,5,23,0.6838235294117647,0.0002,16,128,,,0.1,True,0.6,125266948,619778,0.4948
ia3,roberta-base,mrpc,320,5,11,0.6838235294117647,0.0002,16,128,,,0.1,True,2.2,125266948,619778,0.4948
ia3,roberta-base,mrpc,320,5,17,0.6838235294117647,0.0002,16,128,,,0.1,True,2.1,125266948,619778,0.4948
ia3,roberta-base,mrpc,320,5,23,0.6838235294117647,0.0002,16,128,,,0.1,True,2.1,125266948,619778,0.4948
ia3,roberta-base,mrpc,1280,5,11,0.6838235294117647,0.0002,16,128,,,0.1,True,7.6,125266948,619778,0.4948
ia3,roberta-base,mrpc,1280,5,17,0.6838235294117647,0.0002,16,128,,,0.1,True,7.8,125266948,619778,0.4948
ia3,roberta-base,mrpc,1280,5,23,0.6838235294117647,0.0002,16,128,,,0.1,True,7.6,125266948,619778,0.4948
ia3,roberta-base,mrpc,80,10,11,0.6838235294117647,0.0002,16,128,,,0.1,True,1.0,125266948,619778,0.4948
ia3,roberta-base,mrpc,80,10,17,0.6838235294117647,0.0002,16,128,,,0.1,True,1.1,125266948,619778,0.4948
ia3,roberta-base,mrpc,80,10,23,0.6838235294117647,0.0002,16,128,,,0.1,True,1.1,125266948,619778,0.4948
ia3,roberta-base,mrpc,320,10,11,0.6838235294117647,0.0002,16,128,,,0.1,True,3.9,125266948,619778,0.4948
ia3,roberta-base,mrpc,320,10,17,0.6838235294117647,0.0002,16,128,,,0.1,True,4.0,125266948,619778,0.4948
ia3,roberta-base,mrpc,320,10,23,0.6838235294117647,0.0002,16,128,,,0.1,True,3.9,125266948,619778,0.4948
ia3,roberta-base,mrpc,1280,10,11,0.7058823529411765,0.0002,16,128,,,0.1,True,16.6,125266948,619778,0.4948
ia3,roberta-base,mrpc,1280,10,17,0.7107843137254902,0.0002,16,128,,,0.1,True,15.2,125266948,619778,0.4948
ia3,roberta-base,mrpc,1280,10,23,0.7156862745098039,0.0002,16,128,,,0.1,True,17.8,125266948,619778,0.4948
lora,roberta-base,mrpc,80,1,11,0.6838235294117647,0.0002,16,128,8,16,0.1,True,0.2,125534212,887042,0.7066
lora,roberta-base,mrpc,80,1,17,0.6838235294117647,0.0002,16,128,8,16,0.1,True,0.3,125534212,887042,0.7066
lora,roberta-base,mrpc,80,1,23,0.6838235294117647,0.0002,16,128,8,16,0.1,True,0.3,125534212,887042,0.7066
lora,roberta-base,mrpc,320,1,11,0.6838235294117647,0.0002,16,128,8,16,0.1,True,0.6,125534212,887042,0.7066
lora,roberta-base,mrpc,320,1,17,0.6838235294117647,0.0002,16,128,8,16,0.1,True,0.6,125534212,887042,0.7066
lora,roberta-base,mrpc,320,1,23,0.6838235294117647,0.0002,16,128,8,16,0.1,True,0.7,125534212,887042,0.7066
lora,roberta-base,mrpc,1280,1,11,0.6838235294117647,0.0002,16,128,8,16,0.1,True,1.8,125534212,887042,0.7066
lora,roberta-base,mrpc,1280,1,17,0.6838235294117647,0.0002,16,128,8,16,0.1,True,1.8,125534212,887042,0.7066
lora,roberta-base,mrpc,1280,1,23,0.6838235294117647,0.0002,16,128,8,16,0.1,True,2.5,125534212,887042,0.7066
lora,roberta-base,mrpc,80,2,11,0.6838235294117647,0.0002,16,128,8,16,0.1,True,0.4,125534212,887042,0.7066
lora,roberta-base,mrpc,80,2,17,0.6838235294117647,0.0002,16,128,8,16,0.1,True,0.4,125534212,887042,0.7066
lora,roberta-base,mrpc,80,2,23,0.6838235294117647,0.0002,16,128,8,16,0.1,True,0.4,125534212,887042,0.7066
lora,roberta-base,mrpc,320,2,11,0.6838235294117647,0.0002,16,128,8,16,0.1,True,1.2,125534212,887042,0.7066
lora,roberta-base,mrpc,320,2,17,0.6838235294117647,0.0002,16,128,8,16,0.1,True,1.2,125534212,887042,0.7066
lora,roberta-base,mrpc,320,2,23,0.6838235294117647,0.0002,16,128,8,16,0.1,True,1.0,125534212,887042,0.7066
lora,roberta-base,mrpc,1280,2,11,0.6838235294117647,0.0002,16,128,8,16,0.1,True,4.7,125534212,887042,0.7066
lora,roberta-base,mrpc,1280,2,17,0.6838235294117647,0.0002,16,128,8,16,0.1,True,4.1,125534212,887042,0.7066
lora,roberta-base,mrpc,1280,2,23,0.6985294117647058,0.0002,16,128,8,16,0.1,True,3.7,125534212,887042,0.7066
lora,roberta-base,mrpc,80,5,11,0.6838235294117647,0.0002,16,128,8,16,0.1,True,0.7,125534212,887042,0.7066
lora,roberta-base,mrpc,80,5,17,0.6838235294117647,0.0002,16,128,8,16,0.1,True,0.7,125534212,887042,0.7066
lora,roberta-base,mrpc,80,5,23,0.6838235294117647,0.0002,16,128,8,16,0.1,True,0.7,125534212,887042,0.7066
lora,roberta-base,mrpc,320,5,11,0.6838235294117647,0.0002,16,128,8,16,0.1,True,2.9,125534212,887042,0.7066
lora,roberta-base,mrpc,320,5,17,0.6838235294117647,0.0002,16,128,8,16,0.1,True,2.3,125534212,887042,0.7066
lora,roberta-base,mrpc,320,5,23,0.6838235294117647,0.0002,16,128,8,16,0.1,True,2.3,125534212,887042,0.7066
lora,roberta-base,mrpc,1280,5,11,0.8357843137254902,0.0002,16,128,8,16,0.1,True,8.5,125534212,887042,0.7066
lora,roberta-base,mrpc,1280,5,17,0.8333333333333334,0.0002,16,128,8,16,0.1,True,8.8,125534212,887042,0.7066
lora,roberta-base,mrpc,1280,5,23,0.8284313725490197,0.0002,16,128,8,16,0.1,True,8.8,125534212,887042,0.7066
lora,roberta-base,mrpc,80,10,11,0.6838235294117647,0.0002,16,128,8,16,0.1,True,1.2,125534212,887042,0.7066
lora,roberta-base,mrpc,80,10,17,0.6838235294117647,0.0002,16,128,8,16,0.1,True,1.2,125534212,887042,0.7066
lora,roberta-base,mrpc,80,10,23,0.6838235294117647,0.0002,16,128,8,16,0.1,True,1.2,125534212,887042,0.7066
lora,roberta-base,mrpc,320,10,11,0.7009803921568627,0.0002,16,128,8,16,0.1,True,4.6,125534212,887042,0.7066
lora,roberta-base,mrpc,320,10,17,0.7573529411764706,0.0002,16,128,8,16,0.1,True,4.4,125534212,887042,0.7066
lora,roberta-base,mrpc,320,10,23,0.7450980392156863,0.0002,16,128,8,16,0.1,True,4.4,125534212,887042,0.7066
lora,roberta-base,mrpc,1280,10,11,0.8480392156862745,0.0002,16,128,8,16,0.1,True,20.4,125534212,887042,0.7066
lora,roberta-base,mrpc,1280,10,17,0.8480392156862745,0.0002,16,128,8,16,0.1,True,17.1,125534212,887042,0.7066
lora,roberta-base,mrpc,1280,10,23,0.8357843137254902,0.0002,16,128,8,16,0.1,True,19.7,125534212,887042,0.7066
bitfit,roberta-base,qnli,80,1,11,0.4946000366099213,0.0002,16,128,,,0.1,True,1.1,124647170,694274,0.557
bitfit,roberta-base,qnli,80,1,17,0.4958813838550247,0.0002,16,128,,,0.1,True,1.1,124647170,694274,0.557
bitfit,roberta-base,qnli,80,1,23,0.5130880468606992,0.0002,16,128,,,0.1,True,1.1,124647170,694274,0.557
bitfit,roberta-base,qnli,320,1,11,0.49807797913234486,0.0002,16,128,,,0.1,True,1.4,124647170,694274,0.557
bitfit,roberta-base,qnli,320,1,17,0.4946000366099213,0.0002,16,128,,,0.1,True,1.6,124647170,694274,0.557
bitfit,roberta-base,qnli,320,1,23,0.5053999633900788,0.0002,16,128,,,0.1,True,1.5,124647170,694274,0.557
bitfit,roberta-base,qnli,1280,1,11,0.5053999633900788,0.0002,16,128,,,0.1,True,2.6,124647170,694274,0.557
bitfit,roberta-base,qnli,1280,1,17,0.5053999633900788,0.0002,16,128,,,0.1,True,2.2,124647170,694274,0.557
bitfit,roberta-base,qnli,1280,1,23,0.4946000366099213,0.0002,16,128,,,0.1,True,2.2,124647170,694274,0.557
bitfit,roberta-base,qnli,80,2,11,0.49441698700347797,0.0002,16,128,,,0.1,True,1.3,124647170,694274,0.557
bitfit,roberta-base,qnli,80,2,17,0.4946000366099213,0.0002,16,128,,,0.1,True,1.2,124647170,694274,0.557
bitfit,roberta-base,qnli,80,2,23,0.5053999633900788,0.0002,16,128,,,0.1,True,1.2,124647170,694274,0.557
bitfit,roberta-base,qnli,320,2,11,0.4946000366099213,0.0002,16,128,,,0.1,True,1.6,124647170,694274,0.557
bitfit,roberta-base,qnli,320,2,17,0.5053999633900788,0.0002,16,128,,,0.1,True,1.7,124647170,694274,0.557
bitfit,roberta-base,qnli,320,2,23,0.4946000366099213,0.0002,16,128,,,0.1,True,1.7,124647170,694274,0.557
bitfit,roberta-base,qnli,1280,2,11,0.5528098114589054,0.0002,16,128,,,0.1,True,3.8,124647170,694274,0.557
bitfit,roberta-base,qnli,1280,2,17,0.5632436390261761,0.0002,16,128,,,0.1,True,3.4,124647170,694274,0.557
bitfit,roberta-base,qnli,1280,2,23,0.4946000366099213,0.0002,16,128,,,0.1,True,3.6,124647170,694274,0.557
bitfit,roberta-base,qnli,80,5,11,0.5053999633900788,0.0002,16,128,,,0.1,True,1.6,124647170,694274,0.557
bitfit,roberta-base,qnli,80,5,17,0.4942339373970346,0.0002,16,128,,,0.1,True,1.4,124647170,694274,0.557
bitfit,roberta-base,qnli,80,5,23,0.4946000366099213,0.0002,16,128,,,0.1,True,1.4,124647170,694274,0.557
bitfit,roberta-base,qnli,320,5,11,0.537799743730551,0.0002,16,128,,,0.1,True,3.1,124647170,694274,0.557
bitfit,roberta-base,qnli,320,5,17,0.5418268350723046,0.0002,16,128,,,0.1,True,2.5,124647170,694274,0.557
bitfit,roberta-base,qnli,320,5,23,0.5053999633900788,0.0002,16,128,,,0.1,True,2.6,124647170,694274,0.557
bitfit,roberta-base,qnli,1280,5,11,0.6121178839465495,0.0002,16,128,,,0.1,True,7.5,124647170,694274,0.557
bitfit,roberta-base,qnli,1280,5,17,0.609738239062786,0.0002,16,128,,,0.1,True,6.8,124647170,694274,0.557
bitfit,roberta-base,qnli,1280,5,23,0.5927146256635548,0.0002,16,128,,,0.1,True,7.6,124647170,694274,0.557
bitfit,roberta-base,qnli,80,10,11,0.5059491122094087,0.0002,16,128,,,0.1,True,1.9,124647170,694274,0.557
bitfit,roberta-base,qnli,80,10,17,0.5055830129965221,0.0002,16,128,,,0.1,True,2.1,124647170,694274,0.557
bitfit,roberta-base,qnli,80,10,23,0.5053999633900788,0.0002,16,128,,,0.1,True,1.9,124647170,694274,0.557
bitfit,roberta-base,qnli,320,10,11,0.519311733479773,0.0002,16,128,,,0.1,True,4.8,124647170,694274,0.557
bitfit,roberta-base,qnli,320,10,17,0.5414607358594179,0.0002,16,128,,,0.1,True,4.3,124647170,694274,0.557
bitfit,roberta-base,qnli,320,10,23,0.499725425590335,0.0002,16,128,,,0.1,True,4.1,124647170,694274,0.557
bitfit,roberta-base,qnli,1280,10,11,0.7922386966868021,0.0002,16,128,,,0.1,True,13.1,124647170,694274,0.557
bitfit,roberta-base,qnli,1280,10,17,0.7889438037708218,0.0002,16,128,,,0.1,True,14.3,124647170,694274,0.557
bitfit,roberta-base,qnli,1280,10,23,0.7695405454878272,0.0002,16,128,,,0.1,True,13.7,124647170,694274,0.557
full_ft,roberta-base,qnli,80,1,11,0.4946000366099213,2e-05,16,128,,,0.1,True,1.2,124647170,124647170,100.0
full_ft,roberta-base,qnli,80,1,17,0.4946000366099213,2e-05,16,128,,,0.1,True,1.2,124647170,124647170,100.0
full_ft,roberta-base,qnli,80,1,23,0.4946000366099213,2e-05,16,128,,,0.1,True,1.2,124647170,124647170,100.0
full_ft,roberta-base,qnli,320,1,11,0.4946000366099213,2e-05,16,128,,,0.1,True,1.5,124647170,124647170,100.0
full_ft,roberta-base,qnli,320,1,17,0.4946000366099213,2e-05,16,128,,,0.1,True,1.5,124647170,124647170,100.0
full_ft,roberta-base,qnli,320,1,23,0.4946000366099213,2e-05,16,128,,,0.1,True,1.7,124647170,124647170,100.0
full_ft,roberta-base,qnli,1280,1,11,0.4946000366099213,2e-05,16,128,,,0.1,True,2.8,124647170,124647170,100.0
full_ft,roberta-base,qnli,1280,1,17,0.4946000366099213,2e-05,16,128,,,0.1,True,2.9,124647170,124647170,100.0
full_ft,roberta-base,qnli,1280,1,23,0.4946000366099213,2e-05,16,128,,,0.1,True,2.7,124647170,124647170,100.0
full_ft,roberta-base,qnli,80,2,11,0.4946000366099213,2e-05,16,128,,,0.1,True,1.4,124647170,124647170,100.0
full_ft,roberta-base,qnli,80,2,17,0.4946000366099213,2e-05,16,128,,,0.1,True,1.3,124647170,124647170,100.0
full_ft,roberta-base,qnli,80,2,23,0.4946000366099213,2e-05,16,128,,,0.1,True,1.4,124647170,124647170,100.0
full_ft,roberta-base,qnli,320,2,11,0.4946000366099213,2e-05,16,128,,,0.1,True,1.9,124647170,124647170,100.0
full_ft,roberta-base,qnli,320,2,17,0.4946000366099213,2e-05,16,128,,,0.1,True,1.9,124647170,124647170,100.0
full_ft,roberta-base,qnli,320,2,23,0.4946000366099213,2e-05,16,128,,,0.1,True,2.0,124647170,124647170,100.0
full_ft,roberta-base,qnli,1280,2,11,0.4946000366099213,2e-05,16,128,,,0.1,True,5.1,124647170,124647170,100.0
full_ft,roberta-base,qnli,1280,2,17,0.4946000366099213,2e-05,16,128,,,0.1,True,4.4,124647170,124647170,100.0
full_ft,roberta-base,qnli,1280,2,23,0.4946000366099213,2e-05,16,128,,,0.1,True,4.6,124647170,124647170,100.0
full_ft,roberta-base,qnli,80,5,11,0.4946000366099213,2e-05,16,128,,,0.1,True,1.8,124647170,124647170,100.0
full_ft,roberta-base,qnli,80,5,17,0.4946000366099213,2e-05,16,128,,,0.1,True,1.8,124647170,124647170,100.0
full_ft,roberta-base,qnli,80,5,23,0.4946000366099213,2e-05,16,128,,,0.1,True,1.6,124647170,124647170,100.0
full_ft,roberta-base,qnli,320,5,11,0.4946000366099213,2e-05,16,128,,,0.1,True,3.9,124647170,124647170,100.0
full_ft,roberta-base,qnli,320,5,17,0.4946000366099213,2e-05,16,128,,,0.1,True,3.3,124647170,124647170,100.0
full_ft,roberta-base,qnli,320,5,23,0.4946000366099213,2e-05,16,128,,,0.1,True,3.2,124647170,124647170,100.0
full_ft,roberta-base,qnli,1280,5,11,0.49478308621636463,2e-05,16,128,,,0.1,True,9.3,124647170,124647170,100.0
full_ft,roberta-base,qnli,1280,5,17,0.5390810909756544,2e-05,16,128,,,0.1,True,9.7,124647170,124647170,100.0
full_ft,roberta-base,qnli,1280,5,23,0.49478308621636463,2e-05,16,128,,,0.1,True,9.7,124647170,124647170,100.0
full_ft,roberta-base,qnli,80,10,11,0.4946000366099213,2e-05,16,128,,,0.1,True,2.3,124647170,124647170,100.0
full_ft,roberta-base,qnli,80,10,17,0.4946000366099213,2e-05,16,128,,,0.1,True,2.1,124647170,124647170,100.0
full_ft,roberta-base,qnli,80,10,23,0.4946000366099213,2e-05,16,128,,,0.1,True,2.5,124647170,124647170,100.0
full_ft,roberta-base,qnli,320,10,11,0.4946000366099213,2e-05,16,128,,,0.1,True,6.3,124647170,124647170,100.0
full_ft,roberta-base,qnli,320,10,17,0.4946000366099213,2e-05,16,128,,,0.1,True,5.2,124647170,124647170,100.0
full_ft,roberta-base,qnli,320,10,23,0.4946000366099213,2e-05,16,128,,,0.1,True,5.5,124647170,124647170,100.0
full_ft,roberta-base,qnli,1280,10,11,0.8032216730734029,2e-05,16,128,,,0.1,True,17.7,124647170,124647170,100.0
full_ft,roberta-base,qnli,1280,10,17,0.8101775581182501,2e-05,16,128,,,0.1,True,18.3,124647170,124647170,100.0
full_ft,roberta-base,qnli,1280,10,23,0.8087131612667032,2e-05,16,128,,,0.1,True,17.7,124647170,124647170,100.0
ia3,roberta-base,qnli,80,1,11,0.4946000366099213,0.0002,16,128,,,0.1,True,1.6,125266948,619778,0.4948
ia3,roberta-base,qnli,80,1,17,0.49478308621636463,0.0002,16,128,,,0.1,True,1.6,125266948,619778,0.4948
ia3,roberta-base,qnli,80,1,23,0.4946000366099213,0.0002,16,128,,,0.1,True,1.8,125266948,619778,0.4948
ia3,roberta-base,qnli,320,1,11,0.4946000366099213,0.0002,16,128,,,0.1,True,1.8,125266948,619778,0.4948
ia3,roberta-base,qnli,320,1,17,0.4946000366099213,0.0002,16,128,,,0.1,True,2.2,125266948,619778,0.4948
ia3,roberta-base,qnli,320,1,23,0.4946000366099213,0.0002,16,128,,,0.1,True,2.0,125266948,619778,0.4948
ia3,roberta-base,qnli,1280,1,11,0.5053999633900788,0.0002,16,128,,,0.1,True,3.2,125266948,619778,0.4948
ia3,roberta-base,qnli,1280,1,17,0.5053999633900788,0.0002,16,128,,,0.1,True,2.9,125266948,619778,0.4948
ia3,roberta-base,qnli,1280,1,23,0.4946000366099213,0.0002,16,128,,,0.1,True,2.9,125266948,619778,0.4948
ia3,roberta-base,qnli,80,2,11,0.4946000366099213,0.0002,16,128,,,0.1,True,1.7,125266948,619778,0.4948
ia3,roberta-base,qnli,80,2,17,0.5053999633900788,0.0002,16,128,,,0.1,True,1.6,125266948,619778,0.4948
ia3,roberta-base,qnli,80,2,23,0.5143693941058026,0.0002,16,128,,,0.1,True,1.6,125266948,619778,0.4948
ia3,roberta-base,qnli,320,2,11,0.5262676185246201,0.0002,16,128,,,0.1,True,2.2,125266948,619778,0.4948
ia3,roberta-base,qnli,320,2,17,0.509793153944719,0.0002,16,128,,,0.1,True,2.3,125266948,619778,0.4948
ia3,roberta-base,qnli,320,2,23,0.5053999633900788,0.0002,16,128,,,0.1,True,2.2,125266948,619778,0.4948
ia3,roberta-base,qnli,1280,2,11,0.5218744279699798,0.0002,16,128,,,0.1,True,5.2,125266948,619778,0.4948
ia3,roberta-base,qnli,1280,2,17,0.5846604429800476,0.0002,16,128,,,0.1,True,4.7,125266948,619778,0.4948
ia3,roberta-base,qnli,1280,2,23,0.5654402343034962,0.0002,16,128,,,0.1,True,4.7,125266948,619778,0.4948
ia3,roberta-base,qnli,80,5,11,0.5066813106351822,0.0002,16,128,,,0.1,True,2.2,125266948,619778,0.4948
ia3,roberta-base,qnli,80,5,17,0.5053999633900788,0.0002,16,128,,,0.1,True,1.9,125266948,619778,0.4948
ia3,roberta-base,qnli,80,5,23,0.5053999633900788,0.0002,16,128,,,0.1,True,1.9,125266948,619778,0.4948
ia3,roberta-base,qnli,320,5,11,0.5053999633900788,0.0002,16,128,,,0.1,True,3.5,125266948,619778,0.4948
ia3,roberta-base,qnli,320,5,17,0.5000915248032217,0.0002,16,128,,,0.1,True,3.3,125266948,619778,0.4948
ia3,roberta-base,qnli,320,5,23,0.509793153944719,0.0002,16,128,,,0.1,True,4.2,125266948,619778,0.4948
ia3,roberta-base,qnli,1280,5,11,0.5725791689547868,0.0002,16,128,,,0.1,True,9.3,125266948,619778,0.4948
ia3,roberta-base,qnli,1280,5,17,0.6025993044114956,0.0002,16,128,,,0.1,True,8.9,125266948,619778,0.4948
ia3,roberta-base,qnli,1280,5,23,0.5590334980779791,0.0002,16,128,,,0.1,True,10.9,125266948,619778,0.4948
ia3,roberta-base,qnli,80,10,11,0.5015559216547685,0.0002,16,128,,,0.1,True,2.3,125266948,619778,0.4948
ia3,roberta-base,qnli,80,10,17,0.5053999633900788,0.0002,16,128,,,0.1,True,2.7,125266948,619778,0.4948
ia3,roberta-base,qnli,80,10,23,0.5055830129965221,0.0002,16,128,,,0.1,True,2.6,125266948,619778,0.4948
ia3,roberta-base,qnli,320,10,11,0.5052169137836353,0.0002,16,128,,,0.1,True,5.3,125266948,619778,0.4948
ia3,roberta-base,qnli,320,10,17,0.5539081090975655,0.0002,16,128,,,0.1,True,5.4,125266948,619778,0.4948
ia3,roberta-base,qnli,320,10,23,0.5427420831045213,0.0002,16,128,,,0.1,True,5.1,125266948,619778,0.4948
ia3,roberta-base,qnli,1280,10,11,0.6154127768625297,0.0002,16,128,,,0.1,True,16.9,125266948,619778,0.4948
ia3,roberta-base,qnli,1280,10,17,0.5863078894380377,0.0002,16,128,,,0.1,True,16.5,125266948,619778,0.4948
ia3,roberta-base,qnli,1280,10,23,0.6005857587406187,0.0002,16,128,,,0.1,True,17.6,125266948,619778,0.4948
lora,roberta-base,qnli,80,1,11,0.4946000366099213,0.0002,16,128,8,16,0.1,True,1.7,125534212,887042,0.7066
lora,roberta-base,qnli,80,1,17,0.4946000366099213,0.0002,16,128,8,16,0.1,True,1.7,125534212,887042,0.7066
lora,roberta-base,qnli,80,1,23,0.49606443346146806,0.0002,16,128,8,16,0.1,True,1.7,125534212,887042,0.7066
lora,roberta-base,qnli,320,1,11,0.4946000366099213,0.0002,16,128,8,16,0.1,True,2.0,125534212,887042,0.7066
lora,roberta-base,qnli,320,1,17,0.4946000366099213,0.0002,16,128,8,16,0.1,True,2.0,125534212,887042,0.7066
lora,roberta-base,qnli,320,1,23,0.4946000366099213,0.0002,16,128,8,16,0.1,True,2.1,125534212,887042,0.7066
lora,roberta-base,qnli,1280,1,11,0.5048508145707487,0.0002,16,128,8,16,0.1,True,3.9,125534212,887042,0.7066
lora,roberta-base,qnli,1280,1,17,0.5141863444993593,0.0002,16,128,8,16,0.1,True,3.5,125534212,887042,0.7066
lora,roberta-base,qnli,1280,1,23,0.4982610287387882,0.0002,16,128,8,16,0.1,True,3.3,125534212,887042,0.7066
lora,roberta-base,qnli,80,2,11,0.5053999633900788,0.0002,16,128,8,16,0.1,True,1.9,125534212,887042,0.7066
lora,roberta-base,qnli,80,2,17,0.4946000366099213,0.0002,16,128,8,16,0.1,True,1.9,125534212,887042,0.7066
lora,roberta-base,qnli,80,2,23,0.509793153944719,0.0002,16,128,8,16,0.1,True,1.8,125534212,887042,0.7066
lora,roberta-base,qnli,320,2,11,0.5030203185063152,0.0002,16,128,8,16,0.1,True,2.4,125534212,887042,0.7066
lora,roberta-base,qnli,320,2,17,0.5053999633900788,0.0002,16,128,8,16,0.1,True,2.5,125534212,887042,0.7066
lora,roberta-base,qnli,320,2,23,0.5053999633900788,0.0002,16,128,8,16,0.1,True,2.4,125534212,887042,0.7066
lora,roberta-base,qnli,1280,2,11,0.6075416437854658,0.0002,16,128,8,16,0.1,True,5.8,125534212,887042,0.7066
lora,roberta-base,qnli,1280,2,17,0.5960095185795351,0.0002,16,128,8,16,0.1,True,4.9,125534212,887042,0.7066
lora,roberta-base,qnli,1280,2,23,0.4973457807065715,0.0002,16,128,8,16,0.1,True,5.1,125534212,887042,0.7066
lora,roberta-base,qnli,80,5,11,0.5127219476478125,0.0002,16,128,8,16,0.1,True,2.3,125534212,887042,0.7066
lora,roberta-base,qnli,80,5,17,0.49569833424858134,0.0002,16,128,8,16,0.1,True,2.3,125534212,887042,0.7066
lora,roberta-base,qnli,80,5,23,0.5346879004210141,0.0002,16,128,8,16,0.1,True,2.1,125534212,887042,0.7066
lora,roberta-base,qnli,320,5,11,0.5032033681127586,0.0002,16,128,8,16,0.1,True,4.6,125534212,887042,0.7066
lora,roberta-base,qnli,320,5,17,0.5269998169503936,0.0002,16,128,8,16,0.1,True,3.7,125534212,887042,0.7066
lora,roberta-base,qnli,320,5,23,0.5301116602599304,0.0002,16,128,8,16,0.1,True,3.8,125534212,887042,0.7066
lora,roberta-base,qnli,1280,5,11,0.8304960644334615,0.0002,16,128,8,16,0.1,True,10.6,125534212,887042,0.7066
lora,roberta-base,qnli,1280,5,17,0.8255537250594911,0.0002,16,128,8,16,0.1,True,10.0,125534212,887042,0.7066
lora,roberta-base,qnli,1280,5,23,0.8330587589236683,0.0002,16,128,8,16,0.1,True,13.2,125534212,887042,0.7066
lora,roberta-base,qnli,80,10,11,0.528281164195497,0.0002,16,128,8,16,0.1,True,2.7,125534212,887042,0.7066
lora,roberta-base,qnli,80,10,17,0.4946000366099213,0.0002,16,128,8,16,0.1,True,2.6,125534212,887042,0.7066
lora,roberta-base,qnli,80,10,23,0.4946000366099213,0.0002,16,128,8,16,0.1,True,2.8,125534212,887042,0.7066
lora,roberta-base,qnli,320,10,11,0.6381109280615047,0.0002,16,128,8,16,0.1,True,6.8,125534212,887042,0.7066
lora,roberta-base,qnli,320,10,17,0.7854658612483983,0.0002,16,128,8,16,0.1,True,5.9,125534212,887042,0.7066
lora,roberta-base,qnli,320,10,23,0.7223137470254439,0.0002,16,128,8,16,0.1,True,5.9,125534212,887042,0.7066
lora,roberta-base,qnli,1280,10,11,0.8473366282262493,0.0002,16,128,8,16,0.1,True,18.7,125534212,887042,0.7066
lora,roberta-base,qnli,1280,10,17,0.841845140032949,0.0002,16,128,8,16,0.1,True,22.6,125534212,887042,0.7066
lora,roberta-base,qnli,1280,10,23,0.8444078345231558,0.0002,16,128,8,16,0.1,True,22.1,125534212,887042,0.7066
bitfit,roberta-base,rte,80,1,11,0.5270758122743683,0.0002,16,128,,,0.1,True,0.1,124647170,694274,0.557
bitfit,roberta-base,rte,80,1,17,0.4729241877256318,0.0002,16,128,,,0.1,True,0.1,124647170,694274,0.557
bitfit,roberta-base,rte,80,1,23,0.5270758122743683,0.0002,16,128,,,0.1,True,0.1,124647170,694274,0.557
bitfit,roberta-base,rte,320,1,11,0.4729241877256318,0.0002,16,128,,,0.1,True,0.4,124647170,694274,0.557
bitfit,roberta-base,rte,320,1,17,0.5270758122743683,0.0002,16,128,,,0.1,True,0.4,124647170,694274,0.557
bitfit,roberta-base,rte,320,1,23,0.47653429602888087,0.0002,16,128,,,0.1,True,0.4,124647170,694274,0.557
bitfit,roberta-base,rte,1280,1,11,0.4729241877256318,0.0002,16,128,,,0.1,True,1.4,124647170,694274,0.557
bitfit,roberta-base,rte,1280,1,17,0.48375451263537905,0.0002,16,128,,,0.1,True,1.4,124647170,694274,0.557
bitfit,roberta-base,rte,1280,1,23,0.4729241877256318,0.0002,16,128,,,0.1,True,1.4,124647170,694274,0.557
bitfit,roberta-base,rte,80,2,11,0.5270758122743683,0.0002,16,128,,,0.1,True,0.2,124647170,694274,0.557
bitfit,roberta-base,rte,80,2,17,0.5270758122743683,0.0002,16,128,,,0.1,True,0.2,124647170,694274,0.557
bitfit,roberta-base,rte,80,2,23,0.5270758122743683,0.0002,16,128,,,0.1,True,0.2,124647170,694274,0.557
bitfit,roberta-base,rte,320,2,11,0.4729241877256318,0.0002,16,128,,,0.1,True,0.7,124647170,694274,0.557
bitfit,roberta-base,rte,320,2,17,0.5270758122743683,0.0002,16,128,,,0.1,True,0.7,124647170,694274,0.557
bitfit,roberta-base,rte,320,2,23,0.5270758122743683,0.0002,16,128,,,0.1,True,0.7,124647170,694274,0.557
bitfit,roberta-base,rte,1280,2,11,0.5306859205776173,0.0002,16,128,,,0.1,True,2.5,124647170,694274,0.557
bitfit,roberta-base,rte,1280,2,17,0.5270758122743683,0.0002,16,128,,,0.1,True,2.4,124647170,694274,0.557
bitfit,roberta-base,rte,1280,2,23,0.5270758122743683,0.0002,16,128,,,0.1,True,2.4,124647170,694274,0.557
bitfit,roberta-base,rte,80,5,11,0.5270758122743683,0.0002,16,128,,,0.1,True,0.4,124647170,694274,0.557
bitfit,roberta-base,rte,80,5,17,0.47653429602888087,0.0002,16,128,,,0.1,True,0.4,124647170,694274,0.557
bitfit,roberta-base,rte,80,5,23,0.51985559566787,0.0002,16,128,,,0.1,True,0.4,124647170,694274,0.557
bitfit,roberta-base,rte,320,5,11,0.5126353790613718,0.0002,16,128,,,0.1,True,1.5,124647170,694274,0.557
bitfit,roberta-base,rte,320,5,17,0.4620938628158845,0.0002,16,128,,,0.1,True,1.7,124647170,694274,0.557
bitfit,roberta-base,rte,320,5,23,0.5270758122743683,0.0002,16,128,,,0.1,True,1.5,124647170,694274,0.557
bitfit,roberta-base,rte,1280,5,11,0.5342960288808665,0.0002,16,128,,,0.1,True,5.9,124647170,694274,0.557
bitfit,roberta-base,rte,1280,5,17,0.48375451263537905,0.0002,16,128,,,0.1,True,6.4,124647170,694274,0.557
bitfit,roberta-base,rte,1280,5,23,0.4981949458483754,0.0002,16,128,,,0.1,True,5.9,124647170,694274,0.557
bitfit,roberta-base,rte,80,10,11,0.48736462093862815,0.0002,16,128,,,0.1,True,0.8,124647170,694274,0.557
bitfit,roberta-base,rte,80,10,17,0.5379061371841155,0.0002,16,128,,,0.1,True,0.8,124647170,694274,0.557
bitfit,roberta-base,rte,80,10,23,0.48014440433212996,0.0002,16,128,,,0.1,True,0.8,124647170,694274,0.557
bitfit,roberta-base,rte,320,10,11,0.5306859205776173,0.0002,16,128,,,0.1,True,2.9,124647170,694274,0.557
bitfit,roberta-base,rte,320,10,17,0.5487364620938628,0.0002,16,128,,,0.1,True,3.3,124647170,694274,0.557
bitfit,roberta-base,rte,320,10,23,0.5234657039711191,0.0002,16,128,,,0.1,True,3.3,124647170,694274,0.557
bitfit,roberta-base,rte,1280,10,11,0.5451263537906137,0.0002,16,128,,,0.1,True,12.3,124647170,694274,0.557
bitfit,roberta-base,rte,1280,10,17,0.5703971119133574,0.0002,16,128,,,0.1,True,13.0,124647170,694274,0.557
bitfit,roberta-base,rte,1280,10,23,0.5812274368231047,0.0002,16,128,,,0.1,True,11.7,124647170,694274,0.557
full_ft,roberta-base,rte,80,1,11,0.5270758122743683,2e-05,16,128,,,0.1,True,0.2,124647170,124647170,100.0
full_ft,roberta-base,rte,80,1,17,0.5270758122743683,2e-05,16,128,,,0.1,True,0.2,124647170,124647170,100.0
full_ft,roberta-base,rte,80,1,23,0.5270758122743683,2e-05,16,128,,,0.1,True,0.2,124647170,124647170,100.0
full_ft,roberta-base,rte,320,1,11,0.5270758122743683,2e-05,16,128,,,0.1,True,0.5,124647170,124647170,100.0
full_ft,roberta-base,rte,320,1,17,0.5270758122743683,2e-05,16,128,,,0.1,True,0.5,124647170,124647170,100.0
full_ft,roberta-base,rte,320,1,23,0.5270758122743683,2e-05,16,128,,,0.1,True,0.5,124647170,124647170,100.0
full_ft,roberta-base,rte,1280,1,11,0.5270758122743683,2e-05,16,128,,,0.1,True,1.9,124647170,124647170,100.0
full_ft,roberta-base,rte,1280,1,17,0.5270758122743683,2e-05,16,128,,,0.1,True,1.9,124647170,124647170,100.0
full_ft,roberta-base,rte,1280,1,23,0.5270758122743683,2e-05,16,128,,,0.1,True,1.9,124647170,124647170,100.0
full_ft,roberta-base,rte,80,2,11,0.5270758122743683,2e-05,16,128,,,0.1,True,0.3,124647170,124647170,100.0
full_ft,roberta-base,rte,80,2,17,0.5270758122743683,2e-05,16,128,,,0.1,True,0.3,124647170,124647170,100.0
full_ft,roberta-base,rte,80,2,23,0.5270758122743683,2e-05,16,128,,,0.1,True,0.3,124647170,124647170,100.0
full_ft,roberta-base,rte,320,2,11,0.5270758122743683,2e-05,16,128,,,0.1,True,0.9,124647170,124647170,100.0
full_ft,roberta-base,rte,320,2,17,0.5270758122743683,2e-05,16,128,,,0.1,True,0.9,124647170,124647170,100.0
full_ft,roberta-base,rte,320,2,23,0.5270758122743683,2e-05,16,128,,,0.1,True,0.9,124647170,124647170,100.0
full_ft,roberta-base,rte,1280,2,11,0.5270758122743683,2e-05,16,128,,,0.1,True,3.8,124647170,124647170,100.0
full_ft,roberta-base,rte,1280,2,17,0.5270758122743683,2e-05,16,128,,,0.1,True,3.4,124647170,124647170,100.0
full_ft,roberta-base,rte,1280,2,23,0.5270758122743683,2e-05,16,128,,,0.1,True,3.4,124647170,124647170,100.0
full_ft,roberta-base,rte,80,5,11,0.5270758122743683,2e-05,16,128,,,0.1,True,0.6,124647170,124647170,100.0
full_ft,roberta-base,rte,80,5,17,0.5270758122743683,2e-05,16,128,,,0.1,True,0.6,124647170,124647170,100.0
full_ft,roberta-base,rte,80,5,23,0.5270758122743683,2e-05,16,128,,,0.1,True,0.6,124647170,124647170,100.0
full_ft,roberta-base,rte,320,5,11,0.5270758122743683,2e-05,16,128,,,0.1,True,2.3,124647170,124647170,100.0
full_ft,roberta-base,rte,320,5,17,0.5270758122743683,2e-05,16,128,,,0.1,True,2.2,124647170,124647170,100.0
full_ft,roberta-base,rte,320,5,23,0.5270758122743683,2e-05,16,128,,,0.1,True,2.3,124647170,124647170,100.0
full_ft,roberta-base,rte,1280,5,11,0.5270758122743683,2e-05,16,128,,,0.1,True,8.4,124647170,124647170,100.0
full_ft,roberta-base,rte,1280,5,17,0.5270758122743683,2e-05,16,128,,,0.1,True,10.6,124647170,124647170,100.0
full_ft,roberta-base,rte,1280,5,23,0.5270758122743683,2e-05,16,128,,,0.1,True,10.1,124647170,124647170,100.0
full_ft,roberta-base,rte,80,10,11,0.5270758122743683,2e-05,16,128,,,0.1,True,1.1,124647170,124647170,100.0
full_ft,roberta-base,rte,80,10,17,0.5270758122743683,2e-05,16,128,,,0.1,True,1.2,124647170,124647170,100.0
full_ft,roberta-base,rte,80,10,23,0.5270758122743683,2e-05,16,128,,,0.1,True,1.1,124647170,124647170,100.0
full_ft,roberta-base,rte,320,10,11,0.5270758122743683,2e-05,16,128,,,0.1,True,4.3,124647170,124647170,100.0
full_ft,roberta-base,rte,320,10,17,0.5270758122743683,2e-05,16,128,,,0.1,True,4.2,124647170,124647170,100.0
full_ft,roberta-base,rte,320,10,23,0.5270758122743683,2e-05,16,128,,,0.1,True,4.5,124647170,124647170,100.0
full_ft,roberta-base,rte,1280,10,11,0.5848375451263538,2e-05,16,128,,,0.1,True,17.0,124647170,124647170,100.0
full_ft,roberta-base,rte,1280,10,17,0.5812274368231047,2e-05,16,128,,,0.1,True,17.3,124647170,124647170,100.0
full_ft,roberta-base,rte,1280,10,23,0.5740072202166066,2e-05,16,128,,,0.1,True,17.6,124647170,124647170,100.0
ia3,roberta-base,rte,80,1,11,0.5270758122743683,0.0002,16,128,,,0.1,True,0.2,125266948,619778,0.4948
ia3,roberta-base,rte,80,1,17,0.5270758122743683,0.0002,16,128,,,0.1,True,0.2,125266948,619778,0.4948
ia3,roberta-base,rte,80,1,23,0.5270758122743683,0.0002,16,128,,,0.1,True,0.2,125266948,619778,0.4948
ia3,roberta-base,rte,320,1,11,0.5270758122743683,0.0002,16,128,,,0.1,True,0.5,125266948,619778,0.4948
ia3,roberta-base,rte,320,1,17,0.5270758122743683,0.0002,16,128,,,0.1,True,0.5,125266948,619778,0.4948
ia3,roberta-base,rte,320,1,23,0.5270758122743683,0.0002,16,128,,,0.1,True,0.5,125266948,619778,0.4948
ia3,roberta-base,rte,1280,1,11,0.4729241877256318,0.0002,16,128,,,0.1,True,1.7,125266948,619778,0.4948
ia3,roberta-base,rte,1280,1,17,0.4729241877256318,0.0002,16,128,,,0.1,True,1.8,125266948,619778,0.4948
ia3,roberta-base,rte,1280,1,23,0.4729241877256318,0.0002,16,128,,,0.1,True,1.8,125266948,619778,0.4948
ia3,roberta-base,rte,80,2,11,0.4729241877256318,0.0002,16,128,,,0.1,True,0.3,125266948,619778,0.4948
ia3,roberta-base,rte,80,2,17,0.5306859205776173,0.0002,16,128,,,0.1,True,0.3,125266948,619778,0.4948
ia3,roberta-base,rte,80,2,23,0.5270758122743683,0.0002,16,128,,,0.1,True,0.3,125266948,619778,0.4948
ia3,roberta-base,rte,320,2,11,0.5270758122743683,0.0002,16,128,,,0.1,True,0.8,125266948,619778,0.4948
ia3,roberta-base,rte,320,2,17,0.4729241877256318,0.0002,16,128,,,0.1,True,0.9,125266948,619778,0.4948
ia3,roberta-base,rte,320,2,23,0.47653429602888087,0.0002,16,128,,,0.1,True,0.9,125266948,619778,0.4948
ia3,roberta-base,rte,1280,2,11,0.5270758122743683,0.0002,16,128,,,0.1,True,3.1,125266948,619778,0.4948
ia3,roberta-base,rte,1280,2,17,0.5270758122743683,0.0002,16,128,,,0.1,True,3.1,125266948,619778,0.4948
ia3,roberta-base,rte,1280,2,23,0.5234657039711191,0.0002,16,128,,,0.1,True,3.1,125266948,619778,0.4948
ia3,roberta-base,rte,80,5,11,0.49458483754512633,0.0002,16,128,,,0.1,True,0.6,125266948,619778,0.4948
ia3,roberta-base,rte,80,5,17,0.48014440433212996,0.0002,16,128,,,0.1,True,0.6,125266948,619778,0.4948
ia3,roberta-base,rte,80,5,23,0.4729241877256318,0.0002,16,128,,,0.1,True,0.6,125266948,619778,0.4948
ia3,roberta-base,rte,320,5,11,0.5379061371841155,0.0002,16,128,,,0.1,True,2.1,125266948,619778,0.4948
ia3,roberta-base,rte,320,5,17,0.5270758122743683,0.0002,16,128,,,0.1,True,2.1,125266948,619778,0.4948
ia3,roberta-base,rte,320,5,23,0.4729241877256318,0.0002,16,128,,,0.1,True,1.9,125266948,619778,0.4948
ia3,roberta-base,rte,1280,5,11,0.5018050541516246,0.0002,16,128,,,0.1,True,8.3,125266948,619778,0.4948
ia3,roberta-base,rte,1280,5,17,0.5415162454873647,0.0002,16,128,,,0.1,True,8.8,125266948,619778,0.4948
ia3,roberta-base,rte,1280,5,23,0.5703971119133574,0.0002,16,128,,,0.1,True,7.6,125266948,619778,0.4948
ia3,roberta-base,rte,80,10,11,0.5270758122743683,0.0002,16,128,,,0.1,True,1.0,125266948,619778,0.4948
ia3,roberta-base,rte,80,10,17,0.555956678700361,0.0002,16,128,,,0.1,True,1.0,125266948,619778,0.4948
ia3,roberta-base,rte,80,10,23,0.4729241877256318,0.0002,16,128,,,0.1,True,1.1,125266948,619778,0.4948
ia3,roberta-base,rte,320,10,11,0.5270758122743683,0.0002,16,128,,,0.1,True,3.8,125266948,619778,0.4948
ia3,roberta-base,rte,320,10,17,0.5487364620938628,0.0002,16,128,,,0.1,True,4.2,125266948,619778,0.4948
ia3,roberta-base,rte,320,10,23,0.5487364620938628,0.0002,16,128,,,0.1,True,4.2,125266948,619778,0.4948
ia3,roberta-base,rte,1280,10,11,0.5667870036101083,0.0002,16,128,,,0.1,True,16.1,125266948,619778,0.4948
ia3,roberta-base,rte,1280,10,17,0.5234657039711191,0.0002,16,128,,,0.1,True,18.5,125266948,619778,0.4948
ia3,roberta-base,rte,1280,10,23,0.5667870036101083,0.0002,16,128,,,0.1,True,15.3,125266948,619778,0.4948
lora,roberta-base,rte,80,1,11,0.5270758122743683,0.0002,16,128,8,16,0.1,True,0.2,125534212,887042,0.7066
lora,roberta-base,rte,80,1,17,0.5270758122743683,0.0002,16,128,8,16,0.1,True,0.2,125534212,887042,0.7066
lora,roberta-base,rte,80,1,23,0.5270758122743683,0.0002,16,128,8,16,0.1,True,0.2,125534212,887042,0.7066
lora,roberta-base,rte,320,1,11,0.5270758122743683,0.0002,16,128,8,16,0.1,True,0.5,125534212,887042,0.7066
lora,roberta-base,rte,320,1,17,0.4729241877256318,0.0002,16,128,8,16,0.1,True,0.5,125534212,887042,0.7066
lora,roberta-base,rte,320,1,23,0.5234657039711191,0.0002,16,128,8,16,0.1,True,0.6,125534212,887042,0.7066
lora,roberta-base,rte,1280,1,11,0.5523465703971119,0.0002,16,128,8,16,0.1,True,2.1,125534212,887042,0.7066
lora,roberta-base,rte,1280,1,17,0.48375451263537905,0.0002,16,128,8,16,0.1,True,2.0,125534212,887042,0.7066
lora,roberta-base,rte,1280,1,23,0.4729241877256318,0.0002,16,128,8,16,0.1,True,2.0,125534212,887042,0.7066
lora,roberta-base,rte,80,2,11,0.4729241877256318,0.0002,16,128,8,16,0.1,True,0.3,125534212,887042,0.7066
lora,roberta-base,rte,80,2,17,0.5306859205776173,0.0002,16,128,8,16,0.1,True,0.3,125534212,887042,0.7066
lora,roberta-base,rte,80,2,23,0.5270758122743683,0.0002,16,128,8,16,0.1,True,0.3,125534212,887042,0.7066
lora,roberta-base,rte,320,2,11,0.5306859205776173,0.0002,16,128,8,16,0.1,True,0.9,125534212,887042,0.7066
lora,roberta-base,rte,320,2,17,0.5270758122743683,0.0002,16,128,8,16,0.1,True,1.0,125534212,887042,0.7066
lora,roberta-base,rte,320,2,23,0.5234657039711191,0.0002,16,128,8,16,0.1,True,1.0,125534212,887042,0.7066
lora,roberta-base,rte,1280,2,11,0.555956678700361,0.0002,16,128,8,16,0.1,True,3.9,125534212,887042,0.7066
lora,roberta-base,rte,1280,2,17,0.51985559566787,0.0002,16,128,8,16,0.1,True,3.6,125534212,887042,0.7066
lora,roberta-base,rte,1280,2,23,0.4981949458483754,0.0002,16,128,8,16,0.1,True,3.5,125534212,887042,0.7066
lora,roberta-base,rte,80,5,11,0.4729241877256318,0.0002,16,128,8,16,0.1,True,0.6,125534212,887042,0.7066
lora,roberta-base,rte,80,5,17,0.5270758122743683,0.0002,16,128,8,16,0.1,True,0.6,125534212,887042,0.7066
lora,roberta-base,rte,80,5,23,0.4729241877256318,0.0002,16,128,8,16,0.1,True,0.6,125534212,887042,0.7066
lora,roberta-base,rte,320,5,11,0.5234657039711191,0.0002,16,128,8,16,0.1,True,2.2,125534212,887042,0.7066
lora,roberta-base,rte,320,5,17,0.5415162454873647,0.0002,16,128,8,16,0.1,True,2.2,125534212,887042,0.7066
lora,roberta-base,rte,320,5,23,0.5126353790613718,0.0002,16,128,8,16,0.1,True,2.3,125534212,887042,0.7066
lora,roberta-base,rte,1280,5,11,0.6642599277978339,0.0002,16,128,8,16,0.1,True,8.6,125534212,887042,0.7066
lora,roberta-base,rte,1280,5,17,0.6714801444043321,0.0002,16,128,8,16,0.1,True,10.8,125534212,887042,0.7066
lora,roberta-base,rte,1280,5,23,0.6750902527075813,0.0002,16,128,8,16,0.1,True,9.3,125534212,887042,0.7066
lora,roberta-base,rte,80,10,11,0.4693140794223827,0.0002,16,128,8,16,0.1,True,1.2,125534212,887042,0.7066
lora,roberta-base,rte,80,10,17,0.4729241877256318,0.0002,16,128,8,16,0.1,True,1.2,125534212,887042,0.7066
lora,roberta-base,rte,80,10,23,0.48014440433212996,0.0002,16,128,8,16,0.1,True,1.2,125534212,887042,0.7066
lora,roberta-base,rte,320,10,11,0.555956678700361,0.0002,16,128,8,16,0.1,True,4.3,125534212,887042,0.7066
lora,roberta-base,rte,320,10,17,0.5306859205776173,0.0002,16,128,8,16,0.1,True,4.3,125534212,887042,0.7066
lora,roberta-base,rte,320,10,23,0.49458483754512633,0.0002,16,128,8,16,0.1,True,4.6,125534212,887042,0.7066
lora,roberta-base,rte,1280,10,11,0.7003610108303249,0.0002,16,128,8,16,0.1,True,17.4,125534212,887042,0.7066
lora,roberta-base,rte,1280,10,17,0.6570397111913358,0.0002,16,128,8,16,0.1,True,16.8,125534212,887042,0.7066
lora,roberta-base,rte,1280,10,23,0.6606498194945848,0.0002,16,128,8,16,0.1,True,18.9,125534212,887042,0.7066
bitfit,roberta-base,sst2,80,1,11,0.5091743119266054,0.0002,16,128,,,0.1,True,0.3,124647170,694274,0.557
bitfit,roberta-base,sst2,80,1,17,0.4908256880733945,0.0002,16,128,,,0.1,True,0.3,124647170,694274,0.557
bitfit,roberta-base,sst2,80,1,23,0.4908256880733945,0.0002,16,128,,,0.1,True,0.3,124647170,694274,0.557
bitfit,roberta-base,sst2,320,1,11,0.5091743119266054,0.0002,16,128,,,0.1,True,0.5,124647170,694274,0.557
bitfit,roberta-base,sst2,320,1,17,0.5091743119266054,0.0002,16,128,,,0.1,True,0.5,124647170,694274,0.557
bitfit,roberta-base,sst2,320,1,23,0.5091743119266054,0.0002,16,128,,,0.1,True,0.5,124647170,694274,0.557
bitfit,roberta-base,sst2,1280,1,11,0.5091743119266054,0.0002,16,128,,,0.1,True,1.4,124647170,694274,0.557
bitfit,roberta-base,sst2,1280,1,17,0.5091743119266054,0.0002,16,128,,,0.1,True,1.7,124647170,694274,0.557
bitfit,roberta-base,sst2,1280,1,23,0.5091743119266054,0.0002,16,128,,,0.1,True,1.4,124647170,694274,0.557
bitfit,roberta-base,sst2,80,2,11,0.5091743119266054,0.0002,16,128,,,0.1,True,0.4,124647170,694274,0.557
bitfit,roberta-base,sst2,80,2,17,0.5091743119266054,0.0002,16,128,,,0.1,True,0.4,124647170,694274,0.557
bitfit,roberta-base,sst2,80,2,23,0.5103211009174312,0.0002,16,128,,,0.1,True,0.3,124647170,694274,0.557
bitfit,roberta-base,sst2,320,2,11,0.5091743119266054,0.0002,16,128,,,0.1,True,0.8,124647170,694274,0.557
bitfit,roberta-base,sst2,320,2,17,0.5091743119266054,0.0002,16,128,,,0.1,True,0.8,124647170,694274,0.557
bitfit,roberta-base,sst2,320,2,23,0.5091743119266054,0.0002,16,128,,,0.1,True,0.8,124647170,694274,0.557
bitfit,roberta-base,sst2,1280,2,11,0.5091743119266054,0.0002,16,128,,,0.1,True,2.4,124647170,694274,0.557
bitfit,roberta-base,sst2,1280,2,17,0.5091743119266054,0.0002,16,128,,,0.1,True,2.4,124647170,694274,0.557
bitfit,roberta-base,sst2,1280,2,23,0.5091743119266054,0.0002,16,128,,,0.1,True,3.0,124647170,694274,0.557
bitfit,roberta-base,sst2,80,5,11,0.5091743119266054,0.0002,16,128,,,0.1,True,0.5,124647170,694274,0.557
bitfit,roberta-base,sst2,80,5,17,0.5091743119266054,0.0002,16,128,,,0.1,True,0.5,124647170,694274,0.557
bitfit,roberta-base,sst2,80,5,23,0.5091743119266054,0.0002,16,128,,,0.1,True,0.6,124647170,694274,0.557
bitfit,roberta-base,sst2,320,5,11,0.5091743119266054,0.0002,16,128,,,0.1,True,1.6,124647170,694274,0.557
bitfit,roberta-base,sst2,320,5,17,0.5091743119266054,0.0002,16,128,,,0.1,True,1.6,124647170,694274,0.557
bitfit,roberta-base,sst2,320,5,23,0.5091743119266054,0.0002,16,128,,,0.1,True,2.0,124647170,694274,0.557
bitfit,roberta-base,sst2,1280,5,11,0.8830275229357798,0.0002,16,128,,,0.1,True,6.0,124647170,694274,0.557
bitfit,roberta-base,sst2,1280,5,17,0.8761467889908257,0.0002,16,128,,,0.1,True,5.7,124647170,694274,0.557
bitfit,roberta-base,sst2,1280,5,23,0.8646788990825688,0.0002,16,128,,,0.1,True,5.7,124647170,694274,0.557
bitfit,roberta-base,sst2,80,10,11,0.5091743119266054,0.0002,16,128,,,0.1,True,0.9,124647170,694274,0.557
bitfit,roberta-base,sst2,80,10,17,0.5091743119266054,0.0002,16,128,,,0.1,True,0.9,124647170,694274,0.557
bitfit,roberta-base,sst2,80,10,23,0.5091743119266054,0.0002,16,128,,,0.1,True,0.9,124647170,694274,0.557
bitfit,roberta-base,sst2,320,10,11,0.5091743119266054,0.0002,16,128,,,0.1,True,3.4,124647170,694274,0.557
bitfit,roberta-base,sst2,320,10,17,0.5091743119266054,0.0002,16,128,,,0.1,True,3.1,124647170,694274,0.557
bitfit,roberta-base,sst2,320,10,23,0.5091743119266054,0.0002,16,128,,,0.1,True,3.1,124647170,694274,0.557
bitfit,roberta-base,sst2,1280,10,11,0.8979357798165137,0.0002,16,128,,,0.1,True,11.8,124647170,694274,0.557
bitfit,roberta-base,sst2,1280,10,17,0.8967889908256881,0.0002,16,128,,,0.1,True,13.2,124647170,694274,0.557
bitfit,roberta-base,sst2,1280,10,23,0.8830275229357798,0.0002,16,128,,,0.1,True,11.8,124647170,694274,0.557
full_ft,roberta-base,sst2,80,1,11,0.4908256880733945,2e-05,16,128,,,0.1,True,0.3,124647170,124647170,100.0
full_ft,roberta-base,sst2,80,1,17,0.4908256880733945,2e-05,16,128,,,0.1,True,0.3,124647170,124647170,100.0
full_ft,roberta-base,sst2,80,1,23,0.4908256880733945,2e-05,16,128,,,0.1,True,0.3,124647170,124647170,100.0
full_ft,roberta-base,sst2,320,1,11,0.4908256880733945,2e-05,16,128,,,0.1,True,0.6,124647170,124647170,100.0
full_ft,roberta-base,sst2,320,1,17,0.4908256880733945,2e-05,16,128,,,0.1,True,0.7,124647170,124647170,100.0
full_ft,roberta-base,sst2,320,1,23,0.4908256880733945,2e-05,16,128,,,0.1,True,0.6,124647170,124647170,100.0
full_ft,roberta-base,sst2,1280,1,11,0.5068807339449541,2e-05,16,128,,,0.1,True,2.0,124647170,124647170,100.0
full_ft,roberta-base,sst2,1280,1,17,0.4908256880733945,2e-05,16,128,,,0.1,True,1.8,124647170,124647170,100.0
full_ft,roberta-base,sst2,1280,1,23,0.4908256880733945,2e-05,16,128,,,0.1,True,2.1,124647170,124647170,100.0
full_ft,roberta-base,sst2,80,2,11,0.4908256880733945,2e-05,16,128,,,0.1,True,0.4,124647170,124647170,100.0
full_ft,roberta-base,sst2,80,2,17,0.4908256880733945,2e-05,16,128,,,0.1,True,0.4,124647170,124647170,100.0
full_ft,roberta-base,sst2,80,2,23,0.4908256880733945,2e-05,16,128,,,0.1,True,0.4,124647170,124647170,100.0
full_ft,roberta-base,sst2,320,2,11,0.4908256880733945,2e-05,16,128,,,0.1,True,1.0,124647170,124647170,100.0
full_ft,roberta-base,sst2,320,2,17,0.4908256880733945,2e-05,16,128,,,0.1,True,1.2,124647170,124647170,100.0
full_ft,roberta-base,sst2,320,2,23,0.4908256880733945,2e-05,16,128,,,0.1,True,1.1,124647170,124647170,100.0
full_ft,roberta-base,sst2,1280,2,11,0.5091743119266054,2e-05,16,128,,,0.1,True,3.7,124647170,124647170,100.0
full_ft,roberta-base,sst2,1280,2,17,0.5091743119266054,2e-05,16,128,,,0.1,True,3.5,124647170,124647170,100.0
full_ft,roberta-base,sst2,1280,2,23,0.5091743119266054,2e-05,16,128,,,0.1,True,3.4,124647170,124647170,100.0
full_ft,roberta-base,sst2,80,5,11,0.4908256880733945,2e-05,16,128,,,0.1,True,0.7,124647170,124647170,100.0
full_ft,roberta-base,sst2,80,5,17,0.4908256880733945,2e-05,16,128,,,0.1,True,0.7,124647170,124647170,100.0
full_ft,roberta-base,sst2,80,5,23,0.4908256880733945,2e-05,16,128,,,0.1,True,0.8,124647170,124647170,100.0
full_ft,roberta-base,sst2,320,5,11,0.4782110091743119,2e-05,16,128,,,0.1,True,2.2,124647170,124647170,100.0
full_ft,roberta-base,sst2,320,5,17,0.5103211009174312,2e-05,16,128,,,0.1,True,2.2,124647170,124647170,100.0
full_ft,roberta-base,sst2,320,5,23,0.5068807339449541,2e-05,16,128,,,0.1,True,2.4,124647170,124647170,100.0
full_ft,roberta-base,sst2,1280,5,11,0.5091743119266054,2e-05,16,128,,,0.1,True,9.6,124647170,124647170,100.0
full_ft,roberta-base,sst2,1280,5,17,0.5091743119266054,2e-05,16,128,,,0.1,True,8.4,124647170,124647170,100.0
full_ft,roberta-base,sst2,1280,5,23,0.5091743119266054,2e-05,16,128,,,0.1,True,8.9,124647170,124647170,100.0
full_ft,roberta-base,sst2,80,10,11,0.4908256880733945,2e-05,16,128,,,0.1,True,1.3,124647170,124647170,100.0
full_ft,roberta-base,sst2,80,10,17,0.4908256880733945,2e-05,16,128,,,0.1,True,1.3,124647170,124647170,100.0
full_ft,roberta-base,sst2,80,10,23,0.4908256880733945,2e-05,16,128,,,0.1,True,1.3,124647170,124647170,100.0
full_ft,roberta-base,sst2,320,10,11,0.5091743119266054,2e-05,16,128,,,0.1,True,5.2,124647170,124647170,100.0
full_ft,roberta-base,sst2,320,10,17,0.5091743119266054,2e-05,16,128,,,0.1,True,4.3,124647170,124647170,100.0
full_ft,roberta-base,sst2,320,10,23,0.5091743119266054,2e-05,16,128,,,0.1,True,4.5,124647170,124647170,100.0
full_ft,roberta-base,sst2,1280,10,11,0.8830275229357798,2e-05,16,128,,,0.1,True,19.4,124647170,124647170,100.0
full_ft,roberta-base,sst2,1280,10,17,0.8795871559633027,2e-05,16,128,,,0.1,True,16.5,124647170,124647170,100.0
full_ft,roberta-base,sst2,1280,10,23,0.8543577981651376,2e-05,16,128,,,0.1,True,17.4,124647170,124647170,100.0
ia3,roberta-base,sst2,80,1,11,0.5091743119266054,0.0002,16,128,,,0.1,True,0.4,125266948,619778,0.4948
ia3,roberta-base,sst2,80,1,17,0.4908256880733945,0.0002,16,128,,,0.1,True,0.3,125266948,619778,0.4948
ia3,roberta-base,sst2,80,1,23,0.5091743119266054,0.0002,16,128,,,0.1,True,0.4,125266948,619778,0.4948
ia3,roberta-base,sst2,320,1,11,0.5091743119266054,0.0002,16,128,,,0.1,True,0.7,125266948,619778,0.4948
ia3,roberta-base,sst2,320,1,17,0.5091743119266054,0.0002,16,128,,,0.1,True,0.8,125266948,619778,0.4948
ia3,roberta-base,sst2,320,1,23,0.5091743119266054,0.0002,16,128,,,0.1,True,0.6,125266948,619778,0.4948
ia3,roberta-base,sst2,1280,1,11,0.5091743119266054,0.0002,16,128,,,0.1,True,1.7,125266948,619778,0.4948
ia3,roberta-base,sst2,1280,1,17,0.5091743119266054,0.0002,16,128,,,0.1,True,2.2,125266948,619778,0.4948
ia3,roberta-base,sst2,1280,1,23,0.5091743119266054,0.0002,16,128,,,0.1,True,1.9,125266948,619778,0.4948
ia3,roberta-base,sst2,80,2,11,0.5091743119266054,0.0002,16,128,,,0.1,True,0.5,125266948,619778,0.4948
ia3,roberta-base,sst2,80,2,17,0.5091743119266054,0.0002,16,128,,,0.1,True,0.5,125266948,619778,0.4948
ia3,roberta-base,sst2,80,2,23,0.5091743119266054,0.0002,16,128,,,0.1,True,0.4,125266948,619778,0.4948
ia3,roberta-base,sst2,320,2,11,0.5091743119266054,0.0002,16,128,,,0.1,True,1.2,125266948,619778,0.4948
ia3,roberta-base,sst2,320,2,17,0.5091743119266054,0.0002,16,128,,,0.1,True,1.0,125266948,619778,0.4948
ia3,roberta-base,sst2,320,2,23,0.5091743119266054,0.0002,16,128,,,0.1,True,1.0,125266948,619778,0.4948
ia3,roberta-base,sst2,1280,2,11,0.5091743119266054,0.0002,16,128,,,0.1,True,3.1,125266948,619778,0.4948
ia3,roberta-base,sst2,1280,2,17,0.5091743119266054,0.0002,16,128,,,0.1,True,3.1,125266948,619778,0.4948
ia3,roberta-base,sst2,1280,2,23,0.5091743119266054,0.0002,16,128,,,0.1,True,3.9,125266948,619778,0.4948
ia3,roberta-base,sst2,80,5,11,0.5091743119266054,0.0002,16,128,,,0.1,True,0.7,125266948,619778,0.4948
ia3,roberta-base,sst2,80,5,17,0.5091743119266054,0.0002,16,128,,,0.1,True,0.9,125266948,619778,0.4948
ia3,roberta-base,sst2,80,5,23,0.5091743119266054,0.0002,16,128,,,0.1,True,0.7,125266948,619778,0.4948
ia3,roberta-base,sst2,320,5,11,0.5091743119266054,0.0002,16,128,,,0.1,True,2.1,125266948,619778,0.4948
ia3,roberta-base,sst2,320,5,17,0.5091743119266054,0.0002,16,128,,,0.1,True,2.2,125266948,619778,0.4948
ia3,roberta-base,sst2,320,5,23,0.5091743119266054,0.0002,16,128,,,0.1,True,2.8,125266948,619778,0.4948
ia3,roberta-base,sst2,1280,5,11,0.5091743119266054,0.0002,16,128,,,0.1,True,7.6,125266948,619778,0.4948
ia3,roberta-base,sst2,1280,5,17,0.5378440366972477,0.0002,16,128,,,0.1,True,8.1,125266948,619778,0.4948
ia3,roberta-base,sst2,1280,5,23,0.5103211009174312,0.0002,16,128,,,0.1,True,7.3,125266948,619778,0.4948
ia3,roberta-base,sst2,80,10,11,0.5091743119266054,0.0002,16,128,,,0.1,True,1.4,125266948,619778,0.4948
ia3,roberta-base,sst2,80,10,17,0.5091743119266054,0.0002,16,128,,,0.1,True,1.2,125266948,619778,0.4948
ia3,roberta-base,sst2,80,10,23,0.5091743119266054,0.0002,16,128,,,0.1,True,1.2,125266948,619778,0.4948
ia3,roberta-base,sst2,320,10,11,0.5091743119266054,0.0002,16,128,,,0.1,True,3.9,125266948,619778,0.4948
ia3,roberta-base,sst2,320,10,17,0.5091743119266054,0.0002,16,128,,,0.1,True,4.1,125266948,619778,0.4948
ia3,roberta-base,sst2,320,10,23,0.5091743119266054,0.0002,16,128,,,0.1,True,4.0,125266948,619778,0.4948
ia3,roberta-base,sst2,1280,10,11,0.7981651376146789,0.0002,16,128,,,0.1,True,14.8,125266948,619778,0.4948
ia3,roberta-base,sst2,1280,10,17,0.8314220183486238,0.0002,16,128,,,0.1,True,16.8,125266948,619778,0.4948
ia3,roberta-base,sst2,1280,10,23,0.805045871559633,0.0002,16,128,,,0.1,True,15.2,125266948,619778,0.4948
lora,roberta-base,sst2,80,1,11,0.4908256880733945,0.0002,16,128,8,16,0.1,True,0.4,125534212,887042,0.7066
lora,roberta-base,sst2,80,1,17,0.4896788990825688,0.0002,16,128,8,16,0.1,True,0.4,125534212,887042,0.7066
lora,roberta-base,sst2,80,1,23,0.5091743119266054,0.0002,16,128,8,16,0.1,True,0.4,125534212,887042,0.7066
lora,roberta-base,sst2,320,1,11,0.5091743119266054,0.0002,16,128,8,16,0.1,True,0.7,125534212,887042,0.7066
lora,roberta-base,sst2,320,1,17,0.5091743119266054,0.0002,16,128,8,16,0.1,True,0.7,125534212,887042,0.7066
lora,roberta-base,sst2,320,1,23,0.5091743119266054,0.0002,16,128,8,16,0.1,True,0.7,125534212,887042,0.7066
lora,roberta-base,sst2,1280,1,11,0.5091743119266054,0.0002,16,128,8,16,0.1,True,1.9,125534212,887042,0.7066
lora,roberta-base,sst2,1280,1,17,0.5091743119266054,0.0002,16,128,8,16,0.1,True,2.3,125534212,887042,0.7066
lora,roberta-base,sst2,1280,1,23,0.5091743119266054,0.0002,16,128,8,16,0.1,True,2.2,125534212,887042,0.7066
lora,roberta-base,sst2,80,2,11,0.5091743119266054,0.0002,16,128,8,16,0.1,True,0.7,125534212,887042,0.7066
lora,roberta-base,sst2,80,2,17,0.5091743119266054,0.0002,16,128,8,16,0.1,True,0.5,125534212,887042,0.7066
lora,roberta-base,sst2,80,2,23,0.5091743119266054,0.0002,16,128,8,16,0.1,True,0.5,125534212,887042,0.7066
lora,roberta-base,sst2,320,2,11,0.5091743119266054,0.0002,16,128,8,16,0.1,True,1.3,125534212,887042,0.7066
lora,roberta-base,sst2,320,2,17,0.5091743119266054,0.0002,16,128,8,16,0.1,True,1.3,125534212,887042,0.7066
lora,roberta-base,sst2,320,2,23,0.5091743119266054,0.0002,16,128,8,16,0.1,True,1.1,125534212,887042,0.7066
lora,roberta-base,sst2,1280,2,11,0.8658256880733946,0.0002,16,128,8,16,0.1,True,3.8,125534212,887042,0.7066
lora,roberta-base,sst2,1280,2,17,0.8772935779816514,0.0002,16,128,8,16,0.1,True,3.5,125534212,887042,0.7066
lora,roberta-base,sst2,1280,2,23,0.838302752293578,0.0002,16,128,8,16,0.1,True,3.8,125534212,887042,0.7066
lora,roberta-base,sst2,80,5,11,0.5091743119266054,0.0002,16,128,8,16,0.1,True,0.8,125534212,887042,0.7066
lora,roberta-base,sst2,80,5,17,0.5091743119266054,0.0002,16,128,8,16,0.1,True,0.8,125534212,887042,0.7066
lora,roberta-base,sst2,80,5,23,0.5091743119266054,0.0002,16,128,8,16,0.1,True,0.9,125534212,887042,0.7066
lora,roberta-base,sst2,320,5,11,0.5091743119266054,0.0002,16,128,8,16,0.1,True,2.3,125534212,887042,0.7066
lora,roberta-base,sst2,320,5,17,0.5091743119266054,0.0002,16,128,8,16,0.1,True,2.3,125534212,887042,0.7066
lora,roberta-base,sst2,320,5,23,0.5091743119266054,0.0002,16,128,8,16,0.1,True,2.5,125534212,887042,0.7066
lora,roberta-base,sst2,1280,5,11,0.9048165137614679,0.0002,16,128,8,16,0.1,True,9.4,125534212,887042,0.7066
lora,roberta-base,sst2,1280,5,17,0.9013761467889908,0.0002,16,128,8,16,0.1,True,8.5,125534212,887042,0.7066
lora,roberta-base,sst2,1280,5,23,0.8830275229357798,0.0002,16,128,8,16,0.1,True,8.4,125534212,887042,0.7066
lora,roberta-base,sst2,80,10,11,0.5091743119266054,0.0002,16,128,8,16,0.1,True,1.3,125534212,887042,0.7066
lora,roberta-base,sst2,80,10,17,0.5091743119266054,0.0002,16,128,8,16,0.1,True,1.3,125534212,887042,0.7066
lora,roberta-base,sst2,80,10,23,0.5091743119266054,0.0002,16,128,8,16,0.1,True,1.3,125534212,887042,0.7066
lora,roberta-base,sst2,320,10,11,0.8738532110091743,0.0002,16,128,8,16,0.1,True,4.7,125534212,887042,0.7066
lora,roberta-base,sst2,320,10,17,0.8864678899082569,0.0002,16,128,8,16,0.1,True,4.3,125534212,887042,0.7066
lora,roberta-base,sst2,320,10,23,0.8532110091743119,0.0002,16,128,8,16,0.1,True,4.3,125534212,887042,0.7066
lora,roberta-base,sst2,1280,10,11,0.9071100917431193,0.0002,16,128,8,16,0.1,True,17.8,125534212,887042,0.7066
lora,roberta-base,sst2,1280,10,17,0.9105504587155964,0.0002,16,128,8,16,0.1,True,17.2,125534212,887042,0.7066
lora,roberta-base,sst2,1280,10,23,0.911697247706422,0.0002,16,128,8,16,0.1,True,16.4,125534212,887042,0.7066
